book,lex,sp,vs,vt,ctyp,cnode,ptyp,gloss,speaker,ttype,clausespeaker,clausettype
Esther1:15,כ,prep,,,NmCl,505316,PP,as,persian,discourse,persian,discourse
Esther1:15,דת,subs,,,,,,orders,persian,discourse,,
Esther1:15,מה,prin,,,,,IPrP,what,persian,discourse,,
Esther1:15,ל,prep,,,InfC,505317,VP,to,persian,discourse,persian,discourse
Esther1:15,עשׂה,verb,qal,infc,,,,make,persian,discourse,,
Esther1:15,ב,prep,,,,,PP,in,persian,discourse,,
Esther1:15,ה,art,,,,,,the,persian,discourse,,
Esther1:15,מלכה,subs,,,,,,queen,persian,discourse,,
Esther1:15,ושׁתי,nmpr,,,,,,Vashti,persian,discourse,,
Esther1:15,על,prep,,,xQt0,505318,CP,upon,persian,discourse,persian,discourse
Esther1:15,אשׁר,conj,,,,,,<relative>,persian,discourse,,
Esther1:15,לא,nega,,,,,NegP,not,persian,discourse,,
Esther1:15,עשׂה,verb,qal,perf,,,VP,make,persian,discourse,,
Esther1:15,את,prep,,,,,PP,<object marker>,persian,discourse,,
Esther1:15,מאמר,subs,,,,,,word,persian,discourse,,
Esther1:15,ה,art,,,,,,the,persian,discourse,,
Esther1:15,מלך,subs,,,,,,king,persian,discourse,,
Esther1:15,אחשׁורושׁ,nmpr,,,,,,Ahasuerus,persian,discourse,,
Esther1:15,ב,prep,,,,,,in,persian,discourse,,
Esther1:15,יד,subs,,,,,,hand,persian,discourse,,
Esther1:15,ה,art,,,,,,the,persian,discourse,,
Esther1:15,סריס,subs,,,,,,official,persian,discourse,,
Esther1:16,לא,nega,,,xQtX,505320,NegP,not,persian,discourse,persian,discourse
Esther1:16,על,prep,,,,,PP,upon,persian,discourse,,
Esther1:16,ה,art,,,,,,the,persian,discourse,,
Esther1:16,מלך,subs,,,,,,king,persian,discourse,,
Esther1:16,ל,prep,,,,,,to,persian,discourse,,
Esther1:16,בד,subs,,,,,,"linen, part, stave",persian,discourse,,
Esther1:16,עוה,verb,qal,perf,,,VP,do wrong,persian,discourse,,
Esther1:16,ושׁתי,nmpr,,,,,PrNP,Vashti,persian,discourse,,
Esther1:16,ה,art,,,,,,the,persian,discourse,,
Esther1:16,מלכה,subs,,,,,,queen,persian,discourse,,
Esther1:16,כי,conj,,,Ellp,505321,CP,that,persian,discourse,persian,discourse
Esther1:16,על,prep,,,,,PP,upon,persian,discourse,,
Esther1:16,כל,subs,,,,,,whole,persian,discourse,,
Esther1:16,ה,art,,,,,,the,persian,discourse,,
Esther1:16,שׂר,subs,,,,,,chief,persian,discourse,,
Esther1:16,ו,conj,,,,,,and,persian,discourse,,
Esther1:16,על,prep,,,,,,upon,persian,discourse,,
Esther1:16,כל,subs,,,,,,whole,persian,discourse,,
Esther1:16,ה,art,,,,,,the,persian,discourse,,
Esther1:16,עם,subs,,,,,,people,persian,discourse,,
Esther1:16,אשׁר,conj,,,NmCl,505322,CP,<relative>,persian,discourse,persian,discourse
Esther1:16,ב,prep,,,,,PP,in,persian,discourse,,
Esther1:16,כל,subs,,,,,,whole,persian,discourse,,
Esther1:16,מדינה,subs,,,,,,district,persian,discourse,,
Esther1:16,ה,art,,,,,,the,persian,discourse,,
Esther1:16,מלך,subs,,,,,,king,persian,discourse,,
Esther1:16,אחשׁורושׁ,nmpr,,,,,,Ahasuerus,persian,discourse,,
Esther1:17,כי,conj,,,xYqX,505323,CP,that,persian,discourse,persian,discourse
Esther1:17,יצא,verb,qal,impf,,,VP,go out,persian,discourse,,
Esther1:17,דבר,subs,,,,,NP,word,persian,discourse,,
Esther1:17,ה,art,,,,,,the,persian,discourse,,
Esther1:17,מלכה,subs,,,,,,queen,persian,discourse,,
Esther1:17,על,prep,,,,,PP,upon,persian,discourse,,
Esther1:17,כל,subs,,,,,,whole,persian,discourse,,
Esther1:17,ה,art,,,,,,the,persian,discourse,,
Esther1:17,אשׁה,subs,,,,,,woman,persian,discourse,,
Esther1:17,ל,prep,,,InfC,505324,VP,to,persian,discourse,persian,discourse
Esther1:17,בזה,verb,hif,infc,,,,despise,persian,discourse,,
Esther1:17,בעל,subs,,,,,NP,"lord, baal",persian,discourse,,
Esther1:17,ב,prep,,,,,PP,in,persian,discourse,,
Esther1:17,עין,subs,,,,,,eye,persian,discourse,,
Esther1:17,ב,prep,,,InfC,505325,VP,in,persian,discourse,persian,discourse
Esther1:17,אמר,verb,qal,infc,,,,say,persian,discourse,,
Esther1:17,ה,art,,,XQtl,505326,NP,the,persian,discourse,persian,discourse
Esther1:17,מלך,subs,,,,,,king,persian,discourse,,
Esther1:17,אחשׁורושׁ,nmpr,,,,,,Ahasuerus,persian,discourse,,
Esther1:17,אמר,verb,qal,perf,,,VP,say,persian,discourse,,
Esther1:17,ל,prep,,,InfC,505327,VP,to,persian,discourse,persian,discourse
Esther1:17,בוא,verb,hif,infc,,,,come,persian,discourse,,
Esther1:17,את,prep,,,,,PP,<object marker>,persian,discourse,,
Esther1:17,ושׁתי,nmpr,,,,,,Vashti,persian,discourse,,
Esther1:17,ה,art,,,,,,the,persian,discourse,,
Esther1:17,מלכה,subs,,,,,,queen,persian,discourse,,
Esther1:17,ל,prep,,,,,PP,to,persian,discourse,,
Esther1:17,פנה,subs,,,,,,face,persian,discourse,,
Esther1:17,ו,conj,,,WxQ0,505328,CP,and,persian,discourse,persian,discourse
Esther1:17,לא,nega,,,,,NegP,not,persian,discourse,,
Esther1:17,בוא,verb,qal,perf,,,VP,come,persian,discourse,,
Esther1:18,ו,conj,,,WxYX,505329,CP,and,persian,discourse,persian,discourse
Esther1:18,ה,art,,,,,NP,the,persian,discourse,,
Esther1:18,יום,subs,,,,,,day,persian,discourse,,
Esther1:18,ה,art,,,,,,the,persian,discourse,,
Esther1:18,זה,prde,,,,,,this,persian,discourse,,
Esther1:18,אמר,verb,qal,impf,,,VP,say,persian,discourse,,
Esther1:18,שׂרה,subs,,,,,NP,mistress,persian,discourse,,
Esther1:18,פרס,nmpr,,,,,,Persia,persian,discourse,,
Esther1:18,ו,conj,,,,,,and,persian,discourse,,
Esther1:18,מדי,nmpr,,,,,,Media,persian,discourse,,
Esther1:18,אשׁר,conj,,,xQt0,505330,CP,<relative>,persian,discourse,persian,discourse
Esther1:18,שׁמע,verb,qal,perf,,,VP,hear,persian,discourse,,
Esther1:18,את,prep,,,,,PP,<object marker>,persian,discourse,,
Esther1:18,דבר,subs,,,,,,word,persian,discourse,,
Esther1:18,ה,art,,,,,,the,persian,discourse,,
Esther1:18,מלכה,subs,,,,,,queen,persian,discourse,,
Esther1:18,ל,prep,,,WxYX,505329,PP,to,persian,discourse,persian,discourse
Esther1:18,כל,subs,,,,,,whole,persian,discourse,,
Esther1:18,שׂר,subs,,,,,,chief,persian,discourse,,
Esther1:18,ה,art,,,,,,the,persian,discourse,,
Esther1:18,מלך,subs,,,,,,king,persian,discourse,,
Esther1:18,ו,conj,,,NmCl,505331,CP,and,persian,discourse,persian,discourse
Esther1:18,כ,prep,,,,,PP,as,persian,discourse,,
Esther1:18,די,subs,,,,,,sufficiency,persian,discourse,,
Esther1:18,בזיון,subs,,,,,NP,contempt,persian,discourse,,
Esther1:18,ו,conj,,,,,,and,persian,discourse,,
Esther1:18,קצף,subs,,,,,,anger,persian,discourse,,
Esther1:19,אם,conj,,,AjCl,505332,CP,if,persian,discourse,persian,discourse
Esther1:19,על,prep,,,,,PP,upon,persian,discourse,,
Esther1:19,ה,art,,,,,,the,persian,discourse,,
Esther1:19,מלך,subs,,,,,,king,persian,discourse,,
Esther1:19,טוב,adjv,,,,,AdjP,good,persian,discourse,,
Esther1:19,יצא,verb,qal,impf,ZYqX,505333,VP,go out,persian,discourse,persian,discourse
Esther1:19,דבר,subs,,,,,NP,word,persian,discourse,,
Esther1:19,מלכות,subs,,,,,,kingship,persian,discourse,,
Esther1:19,מן,prep,,,,,PP,from,persian,discourse,,
Esther1:19,ל,prep,,,,,,to,persian,discourse,,
Esther1:19,פנה,subs,,,,,,face,persian,discourse,,
Esther1:19,אשׁר,conj,,,xYqX,505336,CP,<relative>,persian,discourse,persian,discourse
Esther1:19,לא,nega,,,,,NegP,not,persian,discourse,,
Esther1:19,בוא,verb,qal,impf,,,VP,come,persian,discourse,,
Esther1:19,ושׁתי,nmpr,,,,,PrNP,Vashti,persian,discourse,,
Esther1:19,ל,prep,,,,,PP,to,persian,discourse,,
Esther1:19,פנה,subs,,,,,,face,persian,discourse,,
Esther1:19,ה,art,,,,,,the,persian,discourse,,
Esther1:19,מלך,subs,,,,,,king,persian,discourse,,
Esther1:19,אחשׁורושׁ,nmpr,,,,,,Ahasuerus,persian,discourse,,
Esther1:19,ו,conj,,,WxYX,505337,CP,and,persian,discourse,persian,discourse
Esther1:19,מלכות,subs,,,,,NP,kingship,persian,discourse,,
Esther1:19,נתן,verb,qal,impf,,,VP,give,persian,discourse,,
Esther1:19,ה,art,,,,,NP,the,persian,discourse,,
Esther1:19,מלך,subs,,,,,,king,persian,discourse,,
Esther1:19,ל,prep,,,,,PP,to,persian,discourse,,
Esther1:19,רעות,subs,,,,,,female companion,persian,discourse,,
Esther1:19,ה,art,,,AjCl,505338,CP,the,persian,discourse,persian,discourse
Esther1:19,טוב,adjv,,,,,AdjP,good,persian,discourse,,
Esther1:19,מן,prep,,,,,PP,from,persian,discourse,,
Esther1:19,ו,conj,,,WYq0,505334,CP,and,persian,discourse,persian,discourse
Esther1:19,כתב,verb,nif,impf,,,VP,write,persian,discourse,,
Esther1:19,ב,prep,,,,,PP,in,persian,discourse,,
Esther1:19,דת,subs,,,,,,orders,persian,discourse,,
Esther1:19,פרס,nmpr,,,,,,Persia,persian,discourse,,
Esther1:19,ו,conj,,,,,,and,persian,discourse,,
Esther1:19,מדי,nmpr,,,,,,Media,persian,discourse,,
Esther1:19,ו,conj,,,WxY0,505335,CP,and,persian,discourse,persian,discourse
Esther1:19,לא,nega,,,,,NegP,not,persian,discourse,,
Esther1:19,עבר,verb,qal,impf,,,VP,pass,persian,discourse,,
Esther1:20,ו,conj,,,WQtX,505339,CP,and,persian,discourse,persian,discourse
Esther1:20,שׁמע,verb,nif,perf,,,VP,hear,persian,discourse,,
Esther1:20,פתגם,subs,,,,,NP,decision,persian,discourse,,
Esther1:20,ה,art,,,,,,the,persian,discourse,,
Esther1:20,מלך,subs,,,,,,king,persian,discourse,,
Esther1:20,אשׁר,conj,,,xYq0,505340,CP,<relative>,persian,discourse,persian,discourse
Esther1:20,עשׂה,verb,qal,impf,,,VP,make,persian,discourse,,
Esther1:20,ב,prep,,,WQtX,505339,PP,in,persian,discourse,persian,discourse
Esther1:20,כל,subs,,,,,,whole,persian,discourse,,
Esther1:20,מלכות,subs,,,,,,kingship,persian,discourse,,
Esther1:20,כי,conj,,,AjCl,505341,CP,that,persian,discourse,persian,discourse
Esther1:20,רב,adjv,,,,,AdjP,much,persian,discourse,,
Esther1:20,היא,prps,,,,,PPrP,she,persian,discourse,,
Esther1:20,ו,conj,,,WXYq,505342,CP,and,persian,discourse,persian,discourse
Esther1:20,כל,subs,,,,,NP,whole,persian,discourse,,
Esther1:20,ה,art,,,,,,the,persian,discourse,,
Esther1:20,אשׁה,subs,,,,,,woman,persian,discourse,,
Esther1:20,נתן,verb,qal,impf,,,VP,give,persian,discourse,,
Esther1:20,יקר,subs,,,,,NP,preciousness,persian,discourse,,
Esther1:20,ל,prep,,,,,PP,to,persian,discourse,,
Esther1:20,בעל,subs,,,,,,"lord, baal",persian,discourse,,
Esther1:20,ל,prep,,,,,,to,persian,discourse,,
Esther1:20,מן,prep,,,,,,from,persian,discourse,,
Esther1:20,גדול,adjv,,,,,,great,persian,discourse,,
Esther1:20,ו,conj,,,,,,and,persian,discourse,,
Esther1:20,עד,prep,,,,,,unto,persian,discourse,,
Esther1:20,קטן,adjv,,,,,,small,persian,discourse,,
Esther2:2,בקשׁ,verb,piel,impf,ZYq0,505355,VP,seek,persian,discourse,persian,discourse
Esther2:2,ל,prep,,,,,PP,to,persian,discourse,,
Esther2:2,ה,art,,,,,,the,persian,discourse,,
Esther2:2,מלך,subs,,,,,,king,persian,discourse,,
Esther2:2,נערה,subs,,,,,NP,girl,persian,discourse,,
Esther2:2,בתולה,subs,,,,,,virgin,persian,discourse,,
Esther2:2,טוב,adjv,,,,,,good,persian,discourse,,
Esther2:2,מראה,subs,,,,,,sight,persian,discourse,,
Esther2:3,ו,conj,,,WYqX,505356,CP,and,persian,discourse,persian,discourse
Esther2:3,פקד,verb,hif,impf,,,VP,miss,persian,discourse,,
Esther2:3,ה,art,,,,,NP,the,persian,discourse,,
Esther2:3,מלך,subs,,,,,,king,persian,discourse,,
Esther2:3,פקיד,subs,,,,,NP,officer,persian,discourse,,
Esther2:3,ב,prep,,,,,PP,in,persian,discourse,,
Esther2:3,כל,subs,,,,,,whole,persian,discourse,,
Esther2:3,מדינה,subs,,,,,,district,persian,discourse,,
Esther2:3,מלכות,subs,,,,,,kingship,persian,discourse,,
Esther2:3,ו,conj,,,WYq0,505357,CP,and,persian,discourse,persian,discourse
Esther2:3,קבץ,verb,qal,impf,,,VP,collect,persian,discourse,,
Esther2:3,את,prep,,,,,PP,<object marker>,persian,discourse,,
Esther2:3,כל,subs,,,,,,whole,persian,discourse,,
Esther2:3,נערה,subs,,,,,,girl,persian,discourse,,
Esther2:3,בתולה,subs,,,,,,virgin,persian,discourse,,
Esther2:3,טוב,adjv,,,,,,good,persian,discourse,,
Esther2:3,מראה,subs,,,,,,sight,persian,discourse,,
Esther2:3,אל,prep,,,,,PP,to,persian,discourse,,
Esther2:3,שׁושׁן,nmpr,,,,,,Susa,persian,discourse,,
Esther2:3,ה,art,,,,,,the,persian,discourse,,
Esther2:3,בירה,subs,,,,,,citadel,persian,discourse,,
Esther2:3,אל,prep,,,,,PP,to,persian,discourse,,
Esther2:3,בית,subs,,,,,,house,persian,discourse,,
Esther2:3,ה,art,,,,,,the,persian,discourse,,
Esther2:3,אשׁה,subs,,,,,,woman,persian,discourse,,
Esther2:3,אל,prep,,,,,PP,to,persian,discourse,,
Esther2:3,יד,subs,,,,,,hand,persian,discourse,,
Esther2:3,הגי,nmpr,,,,,,Hegai,persian,discourse,,
Esther2:3,סריס,subs,,,,,,official,persian,discourse,,
Esther2:3,ה,art,,,,,,the,persian,discourse,,
Esther2:3,מלך,subs,,,,,,king,persian,discourse,,
Esther2:3,שׁמר,verb,qal,ptca,,,,keep,persian,discourse,,
Esther2:3,ה,art,,,,,,the,persian,discourse,,
Esther2:3,אשׁה,subs,,,,,,woman,persian,discourse,,
Esther2:3,ו,conj,,,InfA,505358,CP,and,persian,discourse,persian,discourse
Esther2:3,נתן,verb,qal,infa,,,VP,give,persian,discourse,,
Esther2:3,תמרוק,subs,,,,,NP,massage,persian,discourse,,
Esther2:4,ו,conj,,,WXYq,505359,CP,and,persian,discourse,persian,discourse
Esther2:4,ה,art,,,,,NP,the,persian,discourse,,
Esther2:4,נערה,subs,,,,,,girl,persian,discourse,,
Esther2:4,אשׁר,conj,,,xYq0,505360,CP,<relative>,persian,discourse,persian,discourse
Esther2:4,יטב,verb,qal,impf,,,VP,be good,persian,discourse,,
Esther2:4,ב,prep,,,,,PP,in,persian,discourse,,
Esther2:4,עין,subs,,,,,,eye,persian,discourse,,
Esther2:4,ה,art,,,,,,the,persian,discourse,,
Esther2:4,מלך,subs,,,,,,king,persian,discourse,,
Esther2:4,מלך,verb,qal,impf,WXYq,505359,VP,be king,persian,discourse,persian,discourse
Esther2:4,תחת,subs,,,,,PP,under part,persian,discourse,,
Esther2:4,ושׁתי,nmpr,,,,,,Vashti,persian,discourse,,
Esther3:3,מדוע,inrg,,,Ptcp,505452,InrP,why,persian,discourse,persian,discourse
Esther3:3,אתה,prps,,,,,PPrP,you,persian,discourse,,
Esther3:3,עבר,verb,qal,ptca,,,VP,pass,persian,discourse,,
Esther3:3,את,prep,,,,,PP,<object marker>,persian,discourse,,
Esther3:3,מצוה,subs,,,,,,commandment,persian,discourse,,
Esther3:3,ה,art,,,,,,the,persian,discourse,,
Esther3:3,מלך,subs,,,,,,king,persian,discourse,,
Esther3:8,ישׁ,subs,,,NmCl,505476,NP,existence,persian,discourse,persian,discourse
Esther3:8,עם,subs,,,Ptcp,505477,NP,people,persian,discourse,persian,discourse
Esther3:8,אחד,subs,,,,,,one,persian,discourse,,
Esther3:8,פזר,verb,pual,ptcp,,,VP,scatter,persian,discourse,,
Esther3:8,ו,conj,,,Ptcp,505478,CP,and,persian,discourse,persian,discourse
Esther3:8,פרד,verb,pual,ptcp,,,VP,divide,persian,discourse,,
Esther3:8,בין,subs,,,,,PP,interval,persian,discourse,,
Esther3:8,ה,art,,,,,,the,persian,discourse,,
Esther3:8,עם,subs,,,,,,people,persian,discourse,,
Esther3:8,ב,prep,,,,,,in,persian,discourse,,
Esther3:8,כל,subs,,,,,,whole,persian,discourse,,
Esther3:8,מדינה,subs,,,,,,district,persian,discourse,,
Esther3:8,מלכות,subs,,,,,,kingship,persian,discourse,,
Esther3:8,ו,conj,,,Ptcp,505479,CP,and,persian,discourse,persian,discourse
Esther3:8,דת,subs,,,,,NP,orders,persian,discourse,,
Esther3:8,שׁנה,verb,qal,ptca,,,VP,change,persian,discourse,,
Esther3:8,מן,prep,,,,,PP,from,persian,discourse,,
Esther3:8,כל,subs,,,,,,whole,persian,discourse,,
Esther3:8,עם,subs,,,,,,people,persian,discourse,,
Esther3:8,ו,conj,,,Ptcp,505480,CP,and,persian,discourse,persian,discourse
Esther3:8,את,prep,,,,,PP,<object marker>,persian,discourse,,
Esther3:8,דת,subs,,,,,,orders,persian,discourse,,
Esther3:8,ה,art,,,,,,the,persian,discourse,,
Esther3:8,מלך,subs,,,,,,king,persian,discourse,,
Esther3:8,אין,subs,,,,,NegP,<NEG>,persian,discourse,,
Esther3:8,עשׂה,verb,qal,ptca,,,VP,make,persian,discourse,,
Esther3:8,ו,conj,,,Ptcp,505481,CP,and,persian,discourse,persian,discourse
Esther3:8,ל,prep,,,,,PP,to,persian,discourse,,
Esther3:8,ה,art,,,,,,the,persian,discourse,,
Esther3:8,מלך,subs,,,,,,king,persian,discourse,,
Esther3:8,אין,subs,,,,,NegP,<NEG>,persian,discourse,,
Esther3:8,שׁוה,verb,qal,ptca,,,VP,be like,persian,discourse,,
Esther3:8,ל,prep,,,InfC,505482,VP,to,persian,discourse,persian,discourse
Esther3:8,נוח,verb,hif,infc,,,,settle,persian,discourse,,
Esther3:9,אם,conj,,,AjCl,505483,CP,if,persian,discourse,persian,discourse
Esther3:9,על,prep,,,,,PP,upon,persian,discourse,,
Esther3:9,ה,art,,,,,,the,persian,discourse,,
Esther3:9,מלך,subs,,,,,,king,persian,discourse,,
Esther3:9,טוב,adjv,,,,,AdjP,good,persian,discourse,,
Esther3:9,כתב,verb,nif,impf,ZYq0,505484,VP,write,persian,discourse,persian,discourse
Esther3:9,ל,prep,,,InfC,505485,VP,to,persian,discourse,persian,discourse
Esther3:9,אבד,verb,piel,infc,,,,perish,persian,discourse,,
Esther3:9,ו,conj,,,WxY0,505486,CP,and,persian,discourse,persian,discourse
Esther3:9,עשׂרה,subs,,,,,NP,ten,persian,discourse,,
Esther3:9,אלף,subs,,,,,,thousand,persian,discourse,,
Esther3:9,ככר,subs,,,,,,disk,persian,discourse,,
Esther3:9,כסף,subs,,,,,,silver,persian,discourse,,
Esther3:9,שׁקל,verb,qal,impf,,,VP,weigh,persian,discourse,,
Esther3:9,על,prep,,,,,PP,upon,persian,discourse,,
Esther3:9,יד,subs,,,,,,hand,persian,discourse,,
Esther3:9,עשׂה,verb,qal,ptca,,,,make,persian,discourse,,
Esther3:9,ה,art,,,,,,the,persian,discourse,,
Esther3:9,מלאכה,subs,,,,,,work,persian,discourse,,
Esther3:9,ל,prep,,,InfC,505487,VP,to,persian,discourse,persian,discourse
Esther3:9,בוא,verb,hif,infc,,,,come,persian,discourse,,
Esther3:9,אל,prep,,,,,PP,to,persian,discourse,,
Esther3:9,גנז,subs,,,,,,treasury,persian,discourse,,
Esther3:9,ה,art,,,,,,the,persian,discourse,,
Esther3:9,מלך,subs,,,,,,king,persian,discourse,,
Esther3:11,ה,art,,,Ptcp,505492,NP,the,persian,discourse,persian,discourse
Esther3:11,כסף,subs,,,,,,silver,persian,discourse,,
Esther3:11,נתן,verb,qal,ptcp,,,VP,give,persian,discourse,,
Esther3:11,ל,prep,,,,,PP,to,persian,discourse,,
Esther3:11,ו,conj,,,Ellp,505493,CP,and,persian,discourse,persian,discourse
Esther3:11,ה,art,,,,,NP,the,persian,discourse,,
Esther3:11,עם,subs,,,,,,people,persian,discourse,,
Esther3:11,ל,prep,,,InfC,505494,VP,to,persian,discourse,persian,discourse
Esther3:11,עשׂה,verb,qal,infc,,,,make,persian,discourse,,
Esther3:11,ב,prep,,,,,PP,in,persian,discourse,,
Esther3:11,כ,prep,,,,,PP,as,persian,discourse,,
Esther3:11,ה,art,,,,,,the,persian,discourse,,
Esther3:11,טוב,adjv,,,,,,good,persian,discourse,,
Esther3:11,ב,prep,,,,,,in,persian,discourse,,
Esther3:11,עין,subs,,,,,,eye,persian,discourse,,
Esther4:11,כל,subs,,,Ptcp,505566,NP,whole,jew,discourse,jew,discourse
Esther4:11,עבד,subs,,,,,,servant,jew,discourse,,
Esther4:11,ה,art,,,,,,the,jew,discourse,,
Esther4:11,מלך,subs,,,,,,king,jew,discourse,,
Esther4:11,ו,conj,,,,,,and,jew,discourse,,
Esther4:11,עם,subs,,,,,,people,jew,discourse,,
Esther4:11,מדינה,subs,,,,,,district,jew,discourse,,
Esther4:11,ה,art,,,,,,the,jew,discourse,,
Esther4:11,מלך,subs,,,,,,king,jew,discourse,,
Esther4:11,ידע,verb,qal,ptca,,,VP,know,jew,discourse,,
Esther4:11,אשׁר,conj,,,CPen,505567,CP,<relative>,jew,discourse,jew,discourse
Esther4:11,כל,subs,,,,,NP,whole,jew,discourse,,
Esther4:11,אישׁ,subs,,,,,,man,jew,discourse,,
Esther4:11,ו,conj,,,,,,and,jew,discourse,,
Esther4:11,אשׁה,subs,,,,,,woman,jew,discourse,,
Esther4:11,אשׁר,conj,,,xYq0,505568,CP,<relative>,jew,discourse,jew,discourse
Esther4:11,בוא,verb,qal,impf,,,VP,come,jew,discourse,,
Esther4:11,אל,prep,,,,,PP,to,jew,discourse,,
Esther4:11,ה,art,,,,,,the,jew,discourse,,
Esther4:11,מלך,subs,,,,,,king,jew,discourse,,
Esther4:11,אל,prep,,,,,PP,to,jew,discourse,,
Esther4:11,ה,art,,,,,,the,jew,discourse,,
Esther4:11,חצר,subs,,,,,,court,jew,discourse,,
Esther4:11,ה,art,,,,,,the,jew,discourse,,
Esther4:11,פנימי,adjv,,,,,,inner,jew,discourse,,
Esther4:11,אשׁר,conj,,,xYq0,505569,CP,<relative>,jew,discourse,jew,discourse
Esther4:11,לא,nega,,,,,NegP,not,jew,discourse,,
Esther4:11,קרא,verb,nif,impf,,,VP,call,jew,discourse,,
Esther4:11,אחד,subs,,,NmCl,505570,NP,one,jew,discourse,jew,discourse
Esther4:11,דת,subs,,,,,NP,orders,jew,discourse,,
Esther4:11,ל,prep,,,InfC,505571,VP,to,jew,discourse,jew,discourse
Esther4:11,מות,verb,hif,infc,,,,die,jew,discourse,,
Esther4:11,ל,prep,,,NmCl,505570,PP,to,jew,discourse,jew,discourse
Esther4:11,בד,subs,,,,,,"linen, part, stave",jew,discourse,,
Esther4:11,מן,prep,,,xYqX,505572,CP,from,jew,discourse,jew,discourse
Esther4:11,אשׁר,conj,,,,,,<relative>,jew,discourse,,
Esther4:11,ישׁט,verb,hif,impf,,,VP,hold,jew,discourse,,
Esther4:11,ל,prep,,,,,PP,to,jew,discourse,,
Esther4:11,ה,art,,,,,NP,the,jew,discourse,,
Esther4:11,מלך,subs,,,,,,king,jew,discourse,,
Esther4:11,את,prep,,,,,PP,<object marker>,jew,discourse,,
Esther4:11,שׁרביט,subs,,,,,,staff,jew,discourse,,
Esther4:11,ה,art,,,,,,the,jew,discourse,,
Esther4:11,זהב,subs,,,,,,gold,jew,discourse,,
Esther4:11,ו,conj,,,WQt0,505573,CP,and,jew,discourse,jew,discourse
Esther4:11,חיה,verb,qal,perf,,,VP,be alive,jew,discourse,,
Esther4:11,ו,conj,,,WXQt,505574,CP,and,jew,discourse,jew,discourse
Esther4:11,אני,prps,,,,,PPrP,i,jew,discourse,,
Esther4:11,לא,nega,,,,,NegP,not,jew,discourse,,
Esther4:11,קרא,verb,nif,perf,,,VP,call,jew,discourse,,
Esther4:11,ל,prep,,,InfC,505575,VP,to,jew,discourse,jew,discourse
Esther4:11,בוא,verb,qal,infc,,,,come,jew,discourse,,
Esther4:11,אל,prep,,,,,PP,to,jew,discourse,,
Esther4:11,ה,art,,,,,,the,jew,discourse,,
Esther4:11,מלך,subs,,,,,,king,jew,discourse,,
Esther4:11,זה,prde,,,WXQt,505574,AdvP,this,jew,discourse,jew,discourse
Esther4:11,שׁלשׁ,subs,,,,,NP,three,jew,discourse,,
Esther4:11,יום,subs,,,,,,day,jew,discourse,,
Esther4:13,אל,nega,,,xYq0,505579,NegP,not,jew,discourse,jew,discourse
Esther4:13,דמה,verb,piel,impf,,,VP,be like,jew,discourse,,
Esther4:13,ב,prep,,,,,PP,in,jew,discourse,,
Esther4:13,נפשׁ,subs,,,,,,soul,jew,discourse,,
Esther4:13,ל,prep,,,InfC,505580,VP,to,jew,discourse,jew,discourse
Esther4:13,מלט,verb,nif,infc,,,,escape,jew,discourse,,
Esther4:13,בית,subs,,,,,NP,house,jew,discourse,,
Esther4:13,ה,art,,,,,,the,jew,discourse,,
Esther4:13,מלך,subs,,,,,,king,jew,discourse,,
Esther4:13,מן,prep,,,,,PP,from,jew,discourse,,
Esther4:13,כל,subs,,,,,,whole,jew,discourse,,
Esther4:13,ה,art,,,,,,the,jew,discourse,,
Esther4:13,יהודי,adjv,,,,,,Jewish,jew,discourse,,
Esther4:14,כי,conj,,,XYqt,505581,CP,that,jew,discourse,jew,discourse
Esther4:14,אם,conj,,,xYq0,505582,CP,if,jew,discourse,jew,discourse
Esther4:14,חרשׁ,verb,hif,infa,,,AdvP,be deaf,jew,discourse,,
Esther4:14,חרשׁ,verb,hif,impf,,,VP,be deaf,jew,discourse,,
Esther4:14,ב,prep,,,,,PP,in,jew,discourse,,
Esther4:14,ה,art,,,,,,the,jew,discourse,,
Esther4:14,עת,subs,,,,,,time,jew,discourse,,
Esther4:14,ה,art,,,,,,the,jew,discourse,,
Esther4:14,זאת,prde,,,,,,this,jew,discourse,,
Esther4:14,רוח,subs,,,XYqt,505581,NP,space,jew,discourse,jew,discourse
Esther4:14,ו,conj,,,,,,and,jew,discourse,,
Esther4:14,הצלה,subs,,,,,,deliverance,jew,discourse,,
Esther4:14,עמד,verb,qal,impf,,,VP,stand,jew,discourse,,
Esther4:14,ל,prep,,,,,PP,to,jew,discourse,,
Esther4:14,ה,art,,,,,,the,jew,discourse,,
Esther4:14,יהודי,adjv,,,,,,Jewish,jew,discourse,,
Esther4:14,מן,prep,,,,,PP,from,jew,discourse,,
Esther4:14,מקום,subs,,,,,,place,jew,discourse,,
Esther4:14,אחר,adjv,,,,,,other,jew,discourse,,
Esther4:14,ו,conj,,,WXYq,505583,CP,and,jew,discourse,jew,discourse
Esther4:14,את,prps,,,,,PPrP,you,jew,discourse,,
Esther4:14,ו,conj,,,,,,and,jew,discourse,,
Esther4:14,בית,subs,,,,,,house,jew,discourse,,
Esther4:14,אב,subs,,,,,,father,jew,discourse,,
Esther4:14,אבד,verb,qal,impf,,,VP,perish,jew,discourse,,
Esther4:14,ו,conj,,,Ptcp,505584,CP,and,jew,discourse,jew,discourse
Esther4:14,מי,prin,,,,,IPrP,who,jew,discourse,,
Esther4:14,ידע,verb,qal,ptca,,,VP,know,jew,discourse,,
Esther4:14,אם,conj,,,xQt0,505585,CP,if,jew,discourse,jew,discourse
Esther4:14,ל,prep,,,,,PP,to,jew,discourse,,
Esther4:14,עת,subs,,,,,,time,jew,discourse,,
Esther4:14,כ,prep,,,,,,as,jew,discourse,,
Esther4:14,זאת,prde,,,,,,this,jew,discourse,,
Esther4:14,נגע,verb,hif,perf,,,VP,touch,jew,discourse,,
Esther4:14,ל,prep,,,,,PP,to,jew,discourse,,
Esther4:14,ה,art,,,,,,the,jew,discourse,,
Esther4:14,מלכות,subs,,,,,,kingship,jew,discourse,,
Esther4:16,הלך,verb,qal,impv,ZIm0,505588,VP,walk,jew,discourse,jew,discourse
Esther4:16,כנס,verb,qal,impv,ZIm0,505589,VP,gather,jew,discourse,jew,discourse
Esther4:16,את,prep,,,,,PP,<object marker>,jew,discourse,,
Esther4:16,כל,subs,,,,,,whole,jew,discourse,,
Esther4:16,ה,art,,,,,,the,jew,discourse,,
Esther4:16,יהודי,adjv,,,,,,Jewish,jew,discourse,,
Esther4:16,ה,art,,,Ptcp,505590,CP,the,jew,discourse,jew,discourse
Esther4:16,מצא,verb,nif,ptca,,,VP,find,jew,discourse,,
Esther4:16,ב,prep,,,,,PP,in,jew,discourse,,
Esther4:16,שׁושׁן,nmpr,,,,,,Susa,jew,discourse,,
Esther4:16,ו,conj,,,WIm0,505591,CP,and,jew,discourse,jew,discourse
Esther4:16,צום,verb,qal,impv,,,VP,fast,jew,discourse,,
Esther4:16,על,prep,,,,,PP,upon,jew,discourse,,
Esther4:16,ו,conj,,,WxY0,505592,CP,and,jew,discourse,jew,discourse
Esther4:16,אל,nega,,,,,NegP,not,jew,discourse,,
Esther4:16,אכל,verb,qal,impf,,,VP,eat,jew,discourse,,
Esther4:16,ו,conj,,,WxY0,505593,CP,and,jew,discourse,jew,discourse
Esther4:16,אל,nega,,,,,NegP,not,jew,discourse,,
Esther4:16,שׁתה,verb,qal,impf,,,VP,drink,jew,discourse,,
Esther4:16,שׁלשׁ,subs,,,,,NP,three,jew,discourse,,
Esther4:16,יום,subs,,,,,,day,jew,discourse,,
Esther4:16,לילה,subs,,,,,AdvP,night,jew,discourse,,
Esther4:16,ו,conj,,,,,,and,jew,discourse,,
Esther4:16,יום,subs,,,,,,day,jew,discourse,,
Esther4:16,גם,advb,,,XYqt,505594,PPrP,even,jew,discourse,jew,discourse
Esther4:16,אני,prps,,,,,,i,jew,discourse,,
Esther4:16,ו,conj,,,,,,and,jew,discourse,,
Esther4:16,נערה,subs,,,,,,girl,jew,discourse,,
Esther4:16,צום,verb,qal,impf,,,VP,fast,jew,discourse,,
Esther4:16,כן,advb,,,,,AdvP,thus,jew,discourse,,
Esther4:16,ו,conj,,,WxY0,505595,CP,and,jew,discourse,jew,discourse
Esther4:16,ב,prep,,,,,PP,in,jew,discourse,,
Esther4:16,כן,advb,,,,,,thus,jew,discourse,,
Esther4:16,בוא,verb,qal,impf,,,VP,come,jew,discourse,,
Esther4:16,אל,prep,,,,,PP,to,jew,discourse,,
Esther4:16,ה,art,,,,,,the,jew,discourse,,
Esther4:16,מלך,subs,,,,,,king,jew,discourse,,
Esther4:16,אשׁר,conj,,,NmCl,505596,CP,<relative>,jew,discourse,jew,discourse
Esther4:16,לא,nega,,,,,NegP,not,jew,discourse,,
Esther4:16,כ,prep,,,,,PP,as,jew,discourse,,
Esther4:16,ה,art,,,,,,the,jew,discourse,,
Esther4:16,דת,subs,,,,,,orders,jew,discourse,,
Esther4:16,ו,conj,,,WxQ0,505597,CP,and,jew,discourse,jew,discourse
Esther4:16,כ,prep,,,xQt0,505598,CP,as,jew,discourse,jew,discourse
Esther4:16,אשׁר,conj,,,,,,<relative>,jew,discourse,,
Esther4:16,אבד,verb,qal,perf,,,VP,perish,jew,discourse,,
Esther4:16,אבד,verb,qal,perf,WxQ0,505597,VP,perish,jew,discourse,jew,discourse
Esther5:3,מה,prin,,,NmCl,505615,IPrP,what,persian,discourse,persian,discourse
Esther5:3,ל,prep,,,,,PP,to,persian,discourse,,
Esther5:3,אסתר,nmpr,,,Voct,505616,PrNP,Esther,persian,discourse,persian,discourse
Esther5:3,ה,art,,,,,,the,persian,discourse,,
Esther5:3,מלכה,subs,,,,,,queen,persian,discourse,,
Esther5:3,ו,conj,,,NmCl,505617,CP,and,persian,discourse,persian,discourse
Esther5:3,מה,prin,,,,,IPrP,what,persian,discourse,,
Esther5:3,בקשׁה,subs,,,,,NP,request,persian,discourse,,
Esther5:3,עד,prep,,,NmCl,505618,PP,unto,persian,discourse,persian,discourse
Esther5:3,חצי,subs,,,,,,half,persian,discourse,,
Esther5:3,ה,art,,,,,,the,persian,discourse,,
Esther5:3,מלכות,subs,,,,,,kingship,persian,discourse,,
Esther5:3,ו,conj,,,WYq0,505619,CP,and,persian,discourse,persian,discourse
Esther5:3,נתן,verb,nif,impf,,,VP,give,persian,discourse,,
Esther5:3,ל,prep,,,,,PP,to,persian,discourse,,
Esther5:4,אם,conj,,,AjCl,505621,CP,if,jew,discourse,jew,discourse
Esther5:4,על,prep,,,,,PP,upon,jew,discourse,,
Esther5:4,ה,art,,,,,,the,jew,discourse,,
Esther5:4,מלך,subs,,,,,,king,jew,discourse,,
Esther5:4,טוב,adjv,,,,,AdjP,good,jew,discourse,,
Esther5:4,בוא,verb,qal,impf,ZYqX,505622,VP,come,jew,discourse,jew,discourse
Esther5:4,ה,art,,,,,NP,the,jew,discourse,,
Esther5:4,מלך,subs,,,,,,king,jew,discourse,,
Esther5:4,ו,conj,,,,,,and,jew,discourse,,
Esther5:4,המן,nmpr,,,,,,Haman,jew,discourse,,
Esther5:4,ה,art,,,,,NP,the,jew,discourse,,
Esther5:4,יום,subs,,,,,,day,jew,discourse,,
Esther5:4,אל,prep,,,,,PP,to,jew,discourse,,
Esther5:4,ה,art,,,,,,the,jew,discourse,,
Esther5:4,משׁתה,subs,,,,,,drinking,jew,discourse,,
Esther5:4,אשׁר,conj,,,xQt0,505623,CP,<relative>,jew,discourse,jew,discourse
Esther5:4,עשׂה,verb,qal,perf,,,VP,make,jew,discourse,,
Esther5:4,ל,prep,,,,,PP,to,jew,discourse,,
Esther5:6,מה,prin,,,NmCl,505630,IPrP,what,persian,discourse,persian,discourse
Esther5:6,שׁאלה,subs,,,,,NP,request,persian,discourse,,
Esther5:6,ו,conj,,,WYq0,505631,CP,and,persian,discourse,persian,discourse
Esther5:6,נתן,verb,nif,impf,,,VP,give,persian,discourse,,
Esther5:6,ל,prep,,,,,PP,to,persian,discourse,,
Esther5:6,ו,conj,,,NmCl,505632,CP,and,persian,discourse,persian,discourse
Esther5:6,מה,prin,,,,,IPrP,what,persian,discourse,,
Esther5:6,בקשׁה,subs,,,,,NP,request,persian,discourse,,
Esther5:6,עד,prep,,,NmCl,505633,PP,unto,persian,discourse,persian,discourse
Esther5:6,חצי,subs,,,,,,half,persian,discourse,,
Esther5:6,ה,art,,,,,,the,persian,discourse,,
Esther5:6,מלכות,subs,,,,,,kingship,persian,discourse,,
Esther5:6,ו,conj,,,WYq0,505634,CP,and,persian,discourse,persian,discourse
Esther5:6,עשׂה,verb,nif,impf,,,VP,make,persian,discourse,,
Esther5:7,שׁאלה,subs,,,NmCl,505637,NP,request,jew,discourse,jew,discourse
Esther5:7,ו,conj,,,,,,and,jew,discourse,,
Esther5:7,בקשׁה,subs,,,,,,request,jew,discourse,,
Esther5:8,בוא,verb,qal,impf,ZYqX,505642,VP,come,jew,discourse,jew,discourse
Esther5:8,ה,art,,,,,NP,the,jew,discourse,,
Esther5:8,מלך,subs,,,,,,king,jew,discourse,,
Esther5:8,ו,conj,,,,,,and,jew,discourse,,
Esther5:8,המן,nmpr,,,,,,Haman,jew,discourse,,
Esther5:8,אל,prep,,,,,PP,to,jew,discourse,,
Esther5:8,ה,art,,,,,,the,jew,discourse,,
Esther5:8,משׁתה,subs,,,,,,drinking,jew,discourse,,
Esther5:8,אשׁר,conj,,,xYq0,505643,CP,<relative>,jew,discourse,jew,discourse
Esther5:8,עשׂה,verb,qal,impf,,,VP,make,jew,discourse,,
Esther5:8,ל,prep,,,,,PP,to,jew,discourse,,
Esther5:8,אם,conj,,,xQt0,505638,CP,if,jew,discourse,jew,discourse
Esther5:8,מצא,verb,qal,perf,,,VP,find,jew,discourse,,
Esther5:8,חן,subs,,,,,NP,grace,jew,discourse,,
Esther5:8,ב,prep,,,,,PP,in,jew,discourse,,
Esther5:8,עין,subs,,,,,,eye,jew,discourse,,
Esther5:8,ה,art,,,,,,the,jew,discourse,,
Esther5:8,מלך,subs,,,,,,king,jew,discourse,,
Esther5:8,ו,conj,,,AjCl,505639,CP,and,jew,discourse,jew,discourse
Esther5:8,אם,conj,,,,,CP,if,jew,discourse,,
Esther5:8,על,prep,,,,,PP,upon,jew,discourse,,
Esther5:8,ה,art,,,,,,the,jew,discourse,,
Esther5:8,מלך,subs,,,,,,king,jew,discourse,,
Esther5:8,טוב,adjv,,,,,AdjP,good,jew,discourse,,
Esther5:8,ל,prep,,,InfC,505640,VP,to,jew,discourse,jew,discourse
Esther5:8,נתן,verb,qal,infc,,,,give,jew,discourse,,
Esther5:8,את,prep,,,,,PP,<object marker>,jew,discourse,,
Esther5:8,שׁאלה,subs,,,,,,request,jew,discourse,,
Esther5:8,ו,conj,,,InfC,505641,CP,and,jew,discourse,jew,discourse
Esther5:8,ל,prep,,,,,VP,to,jew,discourse,,
Esther5:8,עשׂה,verb,qal,infc,,,,make,jew,discourse,,
Esther5:8,את,prep,,,,,PP,<object marker>,jew,discourse,,
Esther5:8,בקשׁה,subs,,,,,,request,jew,discourse,,
Esther5:8,ו,conj,,,WxY0,505644,CP,and,jew,discourse,jew,discourse
Esther5:8,מחר,subs,,,,,AdvP,next day,jew,discourse,,
Esther5:8,עשׂה,verb,qal,impf,,,VP,make,jew,discourse,,
Esther5:8,כ,prep,,,,,PP,as,jew,discourse,,
Esther5:8,דבר,subs,,,,,,word,jew,discourse,,
Esther5:8,ה,art,,,,,,the,jew,discourse,,
Esther5:8,מלך,subs,,,,,,king,jew,discourse,,
Esther5:12,אף,advb,,,xQtX,505658,AdvP,even,persian,discourse,persian,discourse
Esther5:12,לא,nega,,,,,NegP,not,persian,discourse,,
Esther5:12,בוא,verb,hif,perf,,,VP,come,persian,discourse,,
Esther5:12,אסתר,nmpr,,,,,PrNP,Esther,persian,discourse,,
Esther5:12,ה,art,,,,,,the,persian,discourse,,
Esther5:12,מלכה,subs,,,,,,queen,persian,discourse,,
Esther5:12,עם,prep,,,,,PP,with,persian,discourse,,
Esther5:12,ה,art,,,,,,the,persian,discourse,,
Esther5:12,מלך,subs,,,,,,king,persian,discourse,,
Esther5:12,אל,prep,,,,,PP,to,persian,discourse,,
Esther5:12,ה,art,,,,,,the,persian,discourse,,
Esther5:12,משׁתה,subs,,,,,,drinking,persian,discourse,,
Esther5:12,אשׁר,conj,,,xQt0,505659,CP,<relative>,persian,discourse,persian,discourse
Esther5:12,עשׂה,verb,qal,perf,,,VP,make,persian,discourse,,
Esther5:12,כי,conj,,,Ellp,505660,CP,that,persian,discourse,persian,discourse
Esther5:12,אם,conj,,,,,,if,persian,discourse,,
Esther5:12,את,prep,,,,,PP,<object marker>,persian,discourse,,
Esther5:12,ו,conj,,,Ptcp,505661,CP,and,persian,discourse,persian,discourse
Esther5:12,גם,advb,,,,,PP,even,persian,discourse,,
Esther5:12,ל,prep,,,,,,to,persian,discourse,,
Esther5:12,מחר,subs,,,,,,next day,persian,discourse,,
Esther5:12,אני,prps,,,,,PPrP,i,persian,discourse,,
Esther5:12,קרא,verb,qal,ptcp,,,VP,call,persian,discourse,,
Esther5:12,ל,prep,,,,,PP,to,persian,discourse,,
Esther5:12,עם,prep,,,,,PP,with,persian,discourse,,
Esther5:12,ה,art,,,,,,the,persian,discourse,,
Esther5:12,מלך,subs,,,,,,king,persian,discourse,,
Esther5:14,עשׂה,verb,qal,impf,ZYq0,505667,VP,make,persian,discourse,persian,discourse
Esther5:14,עץ,subs,,,,,NP,tree,persian,discourse,,
Esther5:14,גבה,adjv,,,,,,high,persian,discourse,,
Esther5:14,חמשׁ,subs,,,,,,five,persian,discourse,,
Esther5:14,אמה,subs,,,,,,cubit,persian,discourse,,
Esther5:14,ו,conj,,,WxI0,505668,CP,and,persian,discourse,persian,discourse
Esther5:14,ב,prep,,,,,PP,in,persian,discourse,,
Esther5:14,ה,art,,,,,,the,persian,discourse,,
Esther5:14,בקר,subs,,,,,,morning,persian,discourse,,
Esther5:14,אמר,verb,qal,impv,,,VP,say,persian,discourse,,
Esther5:14,ל,prep,,,,,PP,to,persian,discourse,,
Esther5:14,ה,art,,,,,,the,persian,discourse,,
Esther5:14,מלך,subs,,,,,,king,persian,discourse,,
Esther5:14,ו,conj,,,WYq0,505669,CP,and,persian,discourse,persian,discourse
Esther5:14,תלה,verb,qal,impf,,,VP,hang,persian,discourse,,
Esther5:14,את,prep,,,,,PP,<object marker>,persian,discourse,,
Esther5:14,מרדכי,nmpr,,,,,,Mordecai,persian,discourse,,
Esther5:14,על,prep,,,,,PP,upon,persian,discourse,,
Esther5:14,ו,conj,,,WIm0,505670,CP,and,persian,discourse,persian,discourse
Esther5:14,בוא,verb,qal,impv,,,VP,come,persian,discourse,,
Esther5:14,עם,prep,,,,,PP,with,persian,discourse,,
Esther5:14,ה,art,,,,,,the,persian,discourse,,
Esther5:14,מלך,subs,,,,,,king,persian,discourse,,
Esther5:14,אל,prep,,,,,PP,to,persian,discourse,,
Esther5:14,ה,art,,,,,,the,persian,discourse,,
Esther5:14,משׁתה,subs,,,,,,drinking,persian,discourse,,
Esther5:14,שׂמח,adjv,,,,,AdjP,joyful,persian,discourse,,
Esther6:3,מה,prin,,,XQtl,505682,IPrP,what,persian,discourse,persian,discourse
Esther6:3,עשׂה,verb,nif,perf,,,VP,make,persian,discourse,,
Esther6:3,יקר,subs,,,,,NP,preciousness,persian,discourse,,
Esther6:3,ו,conj,,,,,,and,persian,discourse,,
Esther6:3,גדולה,subs,,,,,,greatness,persian,discourse,,
Esther6:3,ל,prep,,,,,PP,to,persian,discourse,,
Esther6:3,מרדכי,nmpr,,,,,,Mordecai,persian,discourse,,
Esther6:3,על,prep,,,,,PP,upon,persian,discourse,,
Esther6:3,זה,prde,,,,,,this,persian,discourse,,
Esther6:3,לא,nega,,,xQtX,505684,NegP,not,persian,discourse,persian,discourse
Esther6:3,עשׂה,verb,nif,perf,,,VP,make,persian,discourse,,
Esther6:3,עם,prep,,,,,PP,with,persian,discourse,,
Esther6:3,דבר,subs,,,,,NP,word,persian,discourse,,
Esther6:4,מי,prin,,,NmCl,505686,IPrP,who,persian,discourse,persian,discourse
Esther6:4,ב,prep,,,,,PP,in,persian,discourse,,
Esther6:4,ה,art,,,,,,the,persian,discourse,,
Esther6:4,חצר,subs,,,,,,court,persian,discourse,,
Esther6:5,הנה,intj,,,Ptcp,505692,InjP,behold,persian,discourse,persian,discourse
Esther6:5,המן,nmpr,,,,,PrNP,Haman,persian,discourse,,
Esther6:5,עמד,verb,qal,ptca,,,VP,stand,persian,discourse,,
Esther6:5,ב,prep,,,,,PP,in,persian,discourse,,
Esther6:5,ה,art,,,,,,the,persian,discourse,,
Esther6:5,חצר,subs,,,,,,court,persian,discourse,,
Esther6:5,בוא,verb,qal,impf,ZYq0,505694,VP,come,persian,discourse,persian,discourse
Esther6:6,מה,prin,,,NmCl,505697,IPrP,what,persian,discourse,persian,discourse
Esther6:6,ל,prep,,,InfC,505698,VP,to,persian,discourse,persian,discourse
Esther6:6,עשׂה,verb,qal,infc,,,,make,persian,discourse,,
Esther6:6,ב,prep,,,,,PP,in,persian,discourse,,
Esther6:6,ה,art,,,,,,the,persian,discourse,,
Esther6:6,אישׁ,subs,,,,,,man,persian,discourse,,
Esther6:6,אשׁר,conj,,,XQtl,505699,CP,<relative>,persian,discourse,persian,discourse
Esther6:6,ה,art,,,,,NP,the,persian,discourse,,
Esther6:6,מלך,subs,,,,,,king,persian,discourse,,
Esther6:6,חפץ,verb,qal,perf,,,VP,desire,persian,discourse,,
Esther6:6,ב,prep,,,,,PP,in,persian,discourse,,
Esther6:6,יקר,subs,,,,,,preciousness,persian,discourse,,
Esther6:6,ל,prep,,,xYqX,505701,PP,to,persian,discourse,persian,discourse
Esther6:6,מי,prin,,,,,,who,persian,discourse,,
Esther6:6,חפץ,verb,qal,impf,,,VP,desire,persian,discourse,,
Esther6:6,ה,art,,,,,NP,the,persian,discourse,,
Esther6:6,מלך,subs,,,,,,king,persian,discourse,,
Esther6:6,ל,prep,,,InfC,505702,VP,to,persian,discourse,persian,discourse
Esther6:6,עשׂה,verb,qal,infc,,,,make,persian,discourse,,
Esther6:6,יקר,subs,,,,,NP,preciousness,persian,discourse,,
Esther6:6,יותר,subs,,,xYqX,505701,AdvP,rest,persian,discourse,persian,discourse
Esther6:6,מן,prep,,,,,,from,persian,discourse,,
Esther6:7,אישׁ,subs,,,NmCl,505704,NP,man,persian,discourse,persian,discourse
Esther6:7,אשׁר,conj,,,XQtl,505705,CP,<relative>,persian,discourse,persian,discourse
Esther6:7,ה,art,,,,,NP,the,persian,discourse,,
Esther6:7,מלך,subs,,,,,,king,persian,discourse,,
Esther6:7,חפץ,verb,qal,perf,,,VP,desire,persian,discourse,,
Esther6:7,ב,prep,,,,,PP,in,persian,discourse,,
Esther6:7,יקר,subs,,,,,,preciousness,persian,discourse,,
Esther6:8,בוא,verb,hif,impf,ZYq0,505706,VP,come,persian,discourse,persian,discourse
Esther6:8,לבושׁ,subs,,,,,NP,clothing,persian,discourse,,
Esther6:8,מלכות,subs,,,,,,kingship,persian,discourse,,
Esther6:8,אשׁר,conj,,,xQtX,505707,CP,<relative>,persian,discourse,persian,discourse
Esther6:8,לבשׁ,verb,qal,perf,,,VP,clothe,persian,discourse,,
Esther6:8,ב,prep,,,,,PP,in,persian,discourse,,
Esther6:8,ה,art,,,,,NP,the,persian,discourse,,
Esther6:8,מלך,subs,,,,,,king,persian,discourse,,
Esther6:8,ו,conj,,,ZYq0,505706,NP,and,persian,discourse,persian,discourse
Esther6:8,סוס,subs,,,,,,horse,persian,discourse,,
Esther6:8,אשׁר,conj,,,xQtX,505708,CP,<relative>,persian,discourse,persian,discourse
Esther6:8,רכב,verb,qal,perf,,,VP,ride,persian,discourse,,
Esther6:8,על,prep,,,,,PP,upon,persian,discourse,,
Esther6:8,ה,art,,,,,NP,the,persian,discourse,,
Esther6:8,מלך,subs,,,,,,king,persian,discourse,,
Esther6:8,ו,conj,,,WxQ0,505709,CP,and,persian,discourse,persian,discourse
Esther6:8,אשׁר,conj,,,,,CP,<relative>,persian,discourse,,
Esther6:8,נתן,verb,nif,perf,,,VP,give,persian,discourse,,
Esther6:8,כתר,subs,,,,,NP,headdress,persian,discourse,,
Esther6:8,מלכות,subs,,,,,,kingship,persian,discourse,,
Esther6:8,ב,prep,,,,,PP,in,persian,discourse,,
Esther6:8,ראשׁ,subs,,,,,,head,persian,discourse,,
Esther6:9,ו,conj,,,InfA,505710,CP,and,persian,discourse,persian,discourse
Esther6:9,נתן,verb,qal,infa,,,VP,give,persian,discourse,,
Esther6:9,ה,art,,,,,NP,the,persian,discourse,,
Esther6:9,לבושׁ,subs,,,,,,clothing,persian,discourse,,
Esther6:9,ו,conj,,,,,,and,persian,discourse,,
Esther6:9,ה,art,,,,,,the,persian,discourse,,
Esther6:9,סוס,subs,,,,,,horse,persian,discourse,,
Esther6:9,על,prep,,,,,PP,upon,persian,discourse,,
Esther6:9,יד,subs,,,,,,hand,persian,discourse,,
Esther6:9,אישׁ,subs,,,,,,man,persian,discourse,,
Esther6:9,מן,prep,,,,,,from,persian,discourse,,
Esther6:9,שׂר,subs,,,,,,chief,persian,discourse,,
Esther6:9,ה,art,,,,,,the,persian,discourse,,
Esther6:9,מלך,subs,,,,,,king,persian,discourse,,
Esther6:9,ה,art,,,,,,the,persian,discourse,,
Esther6:9,פרתמים,subs,,,,,,nobles,persian,discourse,,
Esther6:9,ו,conj,,,WQt0,505711,CP,and,persian,discourse,persian,discourse
Esther6:9,לבשׁ,verb,hif,perf,,,VP,clothe,persian,discourse,,
Esther6:9,את,prep,,,,,PP,<object marker>,persian,discourse,,
Esther6:9,ה,art,,,,,,the,persian,discourse,,
Esther6:9,אישׁ,subs,,,,,,man,persian,discourse,,
Esther6:9,אשׁר,conj,,,XQtl,505712,CP,<relative>,persian,discourse,persian,discourse
Esther6:9,ה,art,,,,,NP,the,persian,discourse,,
Esther6:9,מלך,subs,,,,,,king,persian,discourse,,
Esther6:9,חפץ,verb,qal,perf,,,VP,desire,persian,discourse,,
Esther6:9,ב,prep,,,,,PP,in,persian,discourse,,
Esther6:9,יקר,subs,,,,,,preciousness,persian,discourse,,
Esther6:9,ו,conj,,,WQt0,505713,CP,and,persian,discourse,persian,discourse
Esther6:9,רכב,verb,hif,perf,,,VP,ride,persian,discourse,,
Esther6:9,על,prep,,,,,PP,upon,persian,discourse,,
Esther6:9,ה,art,,,,,,the,persian,discourse,,
Esther6:9,סוס,subs,,,,,,horse,persian,discourse,,
Esther6:9,ב,prep,,,,,PP,in,persian,discourse,,
Esther6:9,רחב,subs,,,,,,open place,persian,discourse,,
Esther6:9,ה,art,,,,,,the,persian,discourse,,
Esther6:9,עיר,subs,,,,,,town,persian,discourse,,
Esther6:9,ו,conj,,,WQt0,505714,CP,and,persian,discourse,persian,discourse
Esther6:9,קרא,verb,qal,perf,,,VP,call,persian,discourse,,
Esther6:9,ל,prep,,,,,PP,to,persian,discourse,,
Esther6:9,פנה,subs,,,,,,face,persian,discourse,,
Esther6:9,ככה,advb,,,xYq0,505715,AdvP,thus,persian,discourse,persian,discourse
Esther6:9,עשׂה,verb,nif,impf,,,VP,make,persian,discourse,,
Esther6:9,ל,prep,,,,,PP,to,persian,discourse,,
Esther6:9,ה,art,,,,,,the,persian,discourse,,
Esther6:9,אישׁ,subs,,,,,,man,persian,discourse,,
Esther6:9,אשׁר,conj,,,XQtl,505716,CP,<relative>,persian,discourse,persian,discourse
Esther6:9,ה,art,,,,,NP,the,persian,discourse,,
Esther6:9,מלך,subs,,,,,,king,persian,discourse,,
Esther6:9,חפץ,verb,qal,perf,,,VP,desire,persian,discourse,,
Esther6:9,ב,prep,,,,,PP,in,persian,discourse,,
Esther6:9,יקר,subs,,,,,,preciousness,persian,discourse,,
Esther6:10,מהר,verb,piel,impv,ZIm0,505718,VP,hasten,persian,discourse,persian,discourse
Esther6:10,לקח,verb,qal,impv,ZIm0,505719,VP,take,persian,discourse,persian,discourse
Esther6:10,את,prep,,,,,PP,<object marker>,persian,discourse,,
Esther6:10,ה,art,,,,,,the,persian,discourse,,
Esther6:10,לבושׁ,subs,,,,,,clothing,persian,discourse,,
Esther6:10,ו,conj,,,,,,and,persian,discourse,,
Esther6:10,את,prep,,,,,,<object marker>,persian,discourse,,
Esther6:10,ה,art,,,,,,the,persian,discourse,,
Esther6:10,סוס,subs,,,,,,horse,persian,discourse,,
Esther6:10,כ,prep,,,xQt0,505720,CP,as,persian,discourse,persian,discourse
Esther6:10,אשׁר,conj,,,,,,<relative>,persian,discourse,,
Esther6:10,דבר,verb,piel,perf,,,VP,speak,persian,discourse,,
Esther6:10,ו,conj,,,WIm0,505721,CP,and,persian,discourse,persian,discourse
Esther6:10,עשׂה,verb,qal,impv,,,VP,make,persian,discourse,,
Esther6:10,כן,advb,,,,,AdvP,thus,persian,discourse,,
Esther6:10,ל,prep,,,,,PP,to,persian,discourse,,
Esther6:10,מרדכי,nmpr,,,,,,Mordecai,persian,discourse,,
Esther6:10,ה,art,,,,,,the,persian,discourse,,
Esther6:10,יהודי,adjv,,,,,,Jewish,persian,discourse,,
Esther6:10,ה,art,,,Ptcp,505722,CP,the,persian,discourse,persian,discourse
Esther6:10,ישׁב,verb,qal,ptca,,,VP,sit,persian,discourse,,
Esther6:10,ב,prep,,,,,PP,in,persian,discourse,,
Esther6:10,שׁער,subs,,,,,,gate,persian,discourse,,
Esther6:10,ה,art,,,,,,the,persian,discourse,,
Esther6:10,מלך,subs,,,,,,king,persian,discourse,,
Esther6:10,אל,nega,,,xYq0,505723,NegP,not,persian,discourse,persian,discourse
Esther6:10,נפל,verb,hif,impf,,,VP,fall,persian,discourse,,
Esther6:10,דבר,subs,,,,,NP,word,persian,discourse,,
Esther6:10,מן,prep,,,,,PP,from,persian,discourse,,
Esther6:10,כל,subs,,,,,,whole,persian,discourse,,
Esther6:10,אשׁר,conj,,,xQt0,505724,CP,<relative>,persian,discourse,persian,discourse
Esther6:10,דבר,verb,piel,perf,,,VP,speak,persian,discourse,,
Esther6:11,ככה,advb,,,xYq0,505729,AdvP,thus,persian,discourse,persian,discourse
Esther6:11,עשׂה,verb,nif,impf,,,VP,make,persian,discourse,,
Esther6:11,ל,prep,,,,,PP,to,persian,discourse,,
Esther6:11,ה,art,,,,,,the,persian,discourse,,
Esther6:11,אישׁ,subs,,,,,,man,persian,discourse,,
Esther6:11,אשׁר,conj,,,XQtl,505730,CP,<relative>,persian,discourse,persian,discourse
Esther6:11,ה,art,,,,,NP,the,persian,discourse,,
Esther6:11,מלך,subs,,,,,,king,persian,discourse,,
Esther6:11,חפץ,verb,qal,perf,,,VP,desire,persian,discourse,,
Esther6:11,ב,prep,,,,,PP,in,persian,discourse,,
Esther6:11,יקר,subs,,,,,,preciousness,persian,discourse,,
Esther6:13,אם,conj,,,NmCl,505736,CP,if,persian,discourse,persian,discourse
Esther6:13,מן,prep,,,,,PP,from,persian,discourse,,
Esther6:13,זרע,subs,,,,,,seed,persian,discourse,,
Esther6:13,ה,art,,,,,,the,persian,discourse,,
Esther6:13,יהודי,adjv,,,,,,Jewish,persian,discourse,,
Esther6:13,מרדכי,nmpr,,,,,PrNP,Mordecai,persian,discourse,,
Esther6:13,אשׁר,conj,,,xQt0,505737,CP,<relative>,persian,discourse,persian,discourse
Esther6:13,חלל,verb,hif,perf,,,VP,defile,persian,discourse,,
Esther6:13,ל,prep,,,InfC,505738,VP,to,persian,discourse,persian,discourse
Esther6:13,נפל,verb,qal,infc,,,,fall,persian,discourse,,
Esther6:13,ל,prep,,,,,PP,to,persian,discourse,,
Esther6:13,פנה,subs,,,,,,face,persian,discourse,,
Esther6:13,לא,nega,,,xYq0,505739,NegP,not,persian,discourse,persian,discourse
Esther6:13,יכל,verb,qal,impf,,,VP,be able,persian,discourse,,
Esther6:13,ל,prep,,,,,PP,to,persian,discourse,,
Esther6:13,כי,conj,,,xYq0,505740,CP,that,persian,discourse,persian,discourse
Esther6:13,נפל,verb,qal,infa,,,AdvP,fall,persian,discourse,,
Esther6:13,נפל,verb,qal,impf,,,VP,fall,persian,discourse,,
Esther6:13,ל,prep,,,,,PP,to,persian,discourse,,
Esther6:13,פנה,subs,,,,,,face,persian,discourse,,
Esther7:2,מה,prin,,,NmCl,505749,IPrP,what,persian,discourse,persian,discourse
Esther7:2,שׁאלה,subs,,,,,NP,request,persian,discourse,,
Esther7:2,אסתר,nmpr,,,Voct,505750,PrNP,Esther,persian,discourse,persian,discourse
Esther7:2,ה,art,,,,,,the,persian,discourse,,
Esther7:2,מלכה,subs,,,,,,queen,persian,discourse,,
Esther7:2,ו,conj,,,WYq0,505751,CP,and,persian,discourse,persian,discourse
Esther7:2,נתן,verb,nif,impf,,,VP,give,persian,discourse,,
Esther7:2,ל,prep,,,,,PP,to,persian,discourse,,
Esther7:2,ו,conj,,,NmCl,505752,CP,and,persian,discourse,persian,discourse
Esther7:2,מה,prin,,,,,IPrP,what,persian,discourse,,
Esther7:2,בקשׁה,subs,,,,,NP,request,persian,discourse,,
Esther7:2,עד,prep,,,NmCl,505753,PP,unto,persian,discourse,persian,discourse
Esther7:2,חצי,subs,,,,,,half,persian,discourse,,
Esther7:2,ה,art,,,,,,the,persian,discourse,,
Esther7:2,מלכות,subs,,,,,,kingship,persian,discourse,,
Esther7:2,ו,conj,,,WYq0,505754,CP,and,persian,discourse,persian,discourse
Esther7:2,עשׂה,verb,nif,impf,,,VP,make,persian,discourse,,
Esther7:3,אם,conj,,,xQt0,505757,CP,if,jew,discourse,jew,discourse
Esther7:3,מצא,verb,qal,perf,,,VP,find,jew,discourse,,
Esther7:3,חן,subs,,,,,NP,grace,jew,discourse,,
Esther7:3,ב,prep,,,,,PP,in,jew,discourse,,
Esther7:3,עין,subs,,,,,,eye,jew,discourse,,
Esther7:3,ה,art,,,Voct,505758,NP,the,jew,discourse,jew,discourse
Esther7:3,מלך,subs,,,,,,king,jew,discourse,,
Esther7:3,ו,conj,,,AjCl,505759,CP,and,jew,discourse,jew,discourse
Esther7:3,אם,conj,,,,,CP,if,jew,discourse,,
Esther7:3,על,prep,,,,,PP,upon,jew,discourse,,
Esther7:3,ה,art,,,,,,the,jew,discourse,,
Esther7:3,מלך,subs,,,,,,king,jew,discourse,,
Esther7:3,טוב,adjv,,,,,AdjP,good,jew,discourse,,
Esther7:3,נתן,verb,nif,impf,ZYqX,505760,VP,give,jew,discourse,jew,discourse
Esther7:3,ל,prep,,,,,PP,to,jew,discourse,,
Esther7:3,נפשׁ,subs,,,,,NP,soul,jew,discourse,,
Esther7:3,ב,prep,,,,,PP,in,jew,discourse,,
Esther7:3,שׁאלה,subs,,,,,,request,jew,discourse,,
Esther7:3,ו,conj,,,Ellp,505761,CP,and,jew,discourse,jew,discourse
Esther7:3,עם,subs,,,,,NP,people,jew,discourse,,
Esther7:3,ב,prep,,,,,PP,in,jew,discourse,,
Esther7:3,בקשׁה,subs,,,,,,request,jew,discourse,,
Esther7:4,כי,conj,,,xQtX,505762,CP,that,jew,discourse,jew,discourse
Esther7:4,מכר,verb,nif,perf,,,VP,sell,jew,discourse,,
Esther7:4,אני,prps,,,,,PPrP,i,jew,discourse,,
Esther7:4,ו,conj,,,,,,and,jew,discourse,,
Esther7:4,עם,subs,,,,,,people,jew,discourse,,
Esther7:4,ל,prep,,,InfC,505763,VP,to,jew,discourse,jew,discourse
Esther7:4,שׁמד,verb,hif,infc,,,,destroy,jew,discourse,,
Esther7:4,ל,prep,,,InfC,505764,VP,to,jew,discourse,jew,discourse
Esther7:4,הרג,verb,qal,infc,,,,kill,jew,discourse,,
Esther7:4,ו,conj,,,InfC,505765,CP,and,jew,discourse,jew,discourse
Esther7:4,ל,prep,,,,,VP,to,jew,discourse,,
Esther7:4,אבד,verb,piel,infc,,,,perish,jew,discourse,,
Esther7:4,ו,conj,,,WxQ0,505766,CP,and,jew,discourse,jew,discourse
Esther7:4,אלו,conj,,,xQt0,505767,CP,if,jew,discourse,jew,discourse
Esther7:4,ל,prep,,,,,PP,to,jew,discourse,,
Esther7:4,עבד,subs,,,,,,servant,jew,discourse,,
Esther7:4,ו,conj,,,,,,and,jew,discourse,,
Esther7:4,ל,prep,,,,,,to,jew,discourse,,
Esther7:4,שׁפחה,subs,,,,,,maidservant,jew,discourse,,
Esther7:4,מכר,verb,nif,perf,,,VP,sell,jew,discourse,,
Esther7:4,חרשׁ,verb,hif,perf,WxQ0,505766,VP,be deaf,jew,discourse,jew,discourse
Esther7:4,כי,conj,,,Ptcp,505768,CP,that,jew,discourse,jew,discourse
Esther7:4,אין,subs,,,,,NegP,<NEG>,jew,discourse,,
Esther7:4,ה,art,,,,,NP,the,jew,discourse,,
Esther7:4,צר,subs,,,,,,adversary,jew,discourse,,
Esther7:4,שׁוה,verb,qal,ptca,,,VP,be like,jew,discourse,,
Esther7:4,ב,prep,,,,,PP,in,jew,discourse,,
Esther7:4,נזק,subs,,,,,,damage,jew,discourse,,
Esther7:4,ה,art,,,,,,the,jew,discourse,,
Esther7:4,מלך,subs,,,,,,king,jew,discourse,,
Esther7:5,מי,prin,,,NmCl,505771,IPrP,who,persian,discourse,persian,discourse
Esther7:5,הוא,prps,,,,,PPrP,he,persian,discourse,,
Esther7:5,זה,prde,,,,,DPrP,this,persian,discourse,,
Esther7:5,אשׁר,conj,,,xQtX,505773,CP,<relative>,persian,discourse,persian,discourse
Esther7:5,מלא,verb,qal,perf,,,VP,be full,persian,discourse,,
Esther7:5,לב,subs,,,,,NP,heart,persian,discourse,,
Esther7:5,ל,prep,,,InfC,505774,VP,to,persian,discourse,persian,discourse
Esther7:5,עשׂה,verb,qal,infc,,,,make,persian,discourse,,
Esther7:5,כן,advb,,,,,AdvP,thus,persian,discourse,,
Esther7:5,ו,conj,,,NmCl,505772,CP,and,persian,discourse,persian,discourse
Esther7:5,אי,inrg,,,,,InrP,where,persian,discourse,,
Esther7:5,זה,prde,,,,,,this,persian,discourse,,
Esther7:5,הוא,prps,,,,,PPrP,he,persian,discourse,,
Esther7:6,אישׁ,subs,,,NmCl,505776,NP,man,persian,discourse,persian,discourse
Esther7:6,צר,subs,,,,,,adversary,persian,discourse,,
Esther7:6,ו,conj,,,,,,and,persian,discourse,,
Esther7:6,איב,verb,qal,ptca,,,,be hostile,persian,discourse,,
Esther7:6,המן,nmpr,,,NmCl,505777,PrNP,Haman,persian,discourse,persian,discourse
Esther7:6,ה,art,,,,,,the,persian,discourse,,
Esther7:6,רע,adjv,,,,,,evil,persian,discourse,,
Esther7:6,ה,art,,,,,,the,persian,discourse,,
Esther7:6,זה,prde,,,,,,this,persian,discourse,,
Esther7:8,ה,inrg,,,InfC,505788,InrP,<interrogative>,persian,discourse,persian,discourse
Esther7:8,גם,advb,,,,,AdvP,even,persian,discourse,,
Esther7:8,ל,prep,,,,,VP,to,persian,discourse,,
Esther7:8,כבשׁ,verb,qal,infc,,,,subdue,persian,discourse,,
Esther7:8,את,prep,,,,,PP,<object marker>,persian,discourse,,
Esther7:8,ה,art,,,,,,the,persian,discourse,,
Esther7:8,מלכה,subs,,,,,,queen,persian,discourse,,
Esther7:8,עם,prep,,,,,PP,with,persian,discourse,,
Esther7:8,ב,prep,,,,,PP,in,persian,discourse,,
Esther7:8,ה,art,,,,,,the,persian,discourse,,
Esther7:8,בית,subs,,,,,,house,persian,discourse,,
Esther7:9,גם,advb,,,Ptcp,505792,AdvP,even,persian,discourse,persian,discourse
Esther7:9,הנה,intj,,,,,InjP,behold,persian,discourse,,
Esther7:9,ה,art,,,,,NP,the,persian,discourse,,
Esther7:9,עץ,subs,,,,,,tree,persian,discourse,,
Esther7:9,אשׁר,conj,,,xQtX,505793,CP,<relative>,persian,discourse,persian,discourse
Esther7:9,עשׂה,verb,qal,perf,,,VP,make,persian,discourse,,
Esther7:9,המן,nmpr,,,,,PrNP,Haman,persian,discourse,,
Esther7:9,ל,prep,,,,,PP,to,persian,discourse,,
Esther7:9,מרדכי,nmpr,,,,,,Mordecai,persian,discourse,,
Esther7:9,אשׁר,conj,,,xQt0,505794,CP,<relative>,persian,discourse,persian,discourse
Esther7:9,דבר,verb,piel,perf,,,VP,speak,persian,discourse,,
Esther7:9,טוב,adjv,,,,,NP,good,persian,discourse,,
Esther7:9,על,prep,,,,,PP,upon,persian,discourse,,
Esther7:9,ה,art,,,,,,the,persian,discourse,,
Esther7:9,מלך,subs,,,,,,king,persian,discourse,,
Esther7:9,עמד,verb,qal,ptca,Ptcp,505792,VP,stand,persian,discourse,persian,discourse
Esther7:9,ב,prep,,,,,PP,in,persian,discourse,,
Esther7:9,בית,subs,,,,,,house,persian,discourse,,
Esther7:9,המן,nmpr,,,,,,Haman,persian,discourse,,
Esther7:9,גבה,adjv,,,AjCl,505795,AdjP,high,persian,discourse,persian,discourse
Esther7:9,חמשׁ,subs,,,,,NP,five,persian,discourse,,
Esther7:9,אמה,subs,,,,,,cubit,persian,discourse,,
Esther7:9,תלה,verb,qal,impv,ZIm0,505797,VP,hang,persian,discourse,persian,discourse
Esther7:9,על,prep,,,,,PP,upon,persian,discourse,,
Esther8:5,אם,conj,,,AjCl,505820,CP,if,jew,discourse,jew,discourse
Esther8:5,על,prep,,,,,PP,upon,jew,discourse,,
Esther8:5,ה,art,,,,,,the,jew,discourse,,
Esther8:5,מלך,subs,,,,,,king,jew,discourse,,
Esther8:5,טוב,adjv,,,,,AdjP,good,jew,discourse,,
Esther8:5,ו,conj,,,WxQ0,505821,CP,and,jew,discourse,jew,discourse
Esther8:5,אם,conj,,,,,CP,if,jew,discourse,,
Esther8:5,מצא,verb,qal,perf,,,VP,find,jew,discourse,,
Esther8:5,חן,subs,,,,,NP,grace,jew,discourse,,
Esther8:5,ל,prep,,,,,PP,to,jew,discourse,,
Esther8:5,פנה,subs,,,,,,face,jew,discourse,,
Esther8:5,ו,conj,,,WQtX,505822,CP,and,jew,discourse,jew,discourse
Esther8:5,כשׁר,verb,qal,perf,,,VP,succeed,jew,discourse,,
Esther8:5,ה,art,,,,,NP,the,jew,discourse,,
Esther8:5,דבר,subs,,,,,,word,jew,discourse,,
Esther8:5,ל,prep,,,,,PP,to,jew,discourse,,
Esther8:5,פנה,subs,,,,,,face,jew,discourse,,
Esther8:5,ה,art,,,,,,the,jew,discourse,,
Esther8:5,מלך,subs,,,,,,king,jew,discourse,,
Esther8:5,ו,conj,,,AjCl,505823,CP,and,jew,discourse,jew,discourse
Esther8:5,טוב,adjv,,,,,AdjP,good,jew,discourse,,
Esther8:5,אני,prps,,,,,PPrP,i,jew,discourse,,
Esther8:5,ב,prep,,,,,PP,in,jew,discourse,,
Esther8:5,עין,subs,,,,,,eye,jew,discourse,,
Esther8:5,כתב,verb,nif,impf,ZYq0,505824,VP,write,jew,discourse,jew,discourse
Esther8:5,ל,prep,,,InfC,505825,VP,to,jew,discourse,jew,discourse
Esther8:5,שׁוב,verb,hif,infc,,,,return,jew,discourse,,
Esther8:5,את,prep,,,,,PP,<object marker>,jew,discourse,,
Esther8:5,ה,art,,,,,,the,jew,discourse,,
Esther8:5,ספר,subs,,,,,,letter,jew,discourse,,
Esther8:5,מחשׁבת,subs,,,,,,plan,jew,discourse,,
Esther8:5,המן,nmpr,,,,,,Haman,jew,discourse,,
Esther8:5,בן,subs,,,,,,son,jew,discourse,,
Esther8:5,המדתא,nmpr,,,,,,Hammedatha,jew,discourse,,
Esther8:5,ה,art,,,,,,the,jew,discourse,,
Esther8:5,אגגי,adjv,,,,,,Agagite,jew,discourse,,
Esther8:5,אשׁר,conj,,,xQt0,505826,CP,<relative>,jew,discourse,jew,discourse
Esther8:5,כתב,verb,qal,perf,,,VP,write,jew,discourse,,
Esther8:5,ל,prep,,,InfC,505827,VP,to,jew,discourse,jew,discourse
Esther8:5,אבד,verb,piel,infc,,,,perish,jew,discourse,,
Esther8:5,את,prep,,,,,PP,<object marker>,jew,discourse,,
Esther8:5,ה,art,,,,,,the,jew,discourse,,
Esther8:5,יהודי,adjv,,,,,,Jewish,jew,discourse,,
Esther8:5,אשׁר,conj,,,NmCl,505828,CP,<relative>,jew,discourse,jew,discourse
Esther8:5,ב,prep,,,,,PP,in,jew,discourse,,
Esther8:5,כל,subs,,,,,,whole,jew,discourse,,
Esther8:5,מדינה,subs,,,,,,district,jew,discourse,,
Esther8:5,ה,art,,,,,,the,jew,discourse,,
Esther8:5,מלך,subs,,,,,,king,jew,discourse,,
Esther8:6,כי,conj,,,xYq0,505829,CP,that,jew,discourse,jew,discourse
Esther8:6,איככה,inrg,,,,,InrP,how,jew,discourse,,
Esther8:6,יכל,verb,qal,impf,,,VP,be able,jew,discourse,,
Esther8:6,ו,conj,,,WQt0,505830,CP,and,jew,discourse,jew,discourse
Esther8:6,ראה,verb,qal,perf,,,VP,see,jew,discourse,,
Esther8:6,ב,prep,,,,,PP,in,jew,discourse,,
Esther8:6,ה,art,,,,,,the,jew,discourse,,
Esther8:6,רעה,subs,,,,,,evil,jew,discourse,,
Esther8:6,אשׁר,conj,,,xYq0,505831,CP,<relative>,jew,discourse,jew,discourse
Esther8:6,מצא,verb,qal,impf,,,VP,find,jew,discourse,,
Esther8:6,את,prep,,,,,PP,<object marker>,jew,discourse,,
Esther8:6,עם,subs,,,,,,people,jew,discourse,,
Esther8:6,ו,conj,,,WxY0,505832,CP,and,jew,discourse,jew,discourse
Esther8:6,איככה,inrg,,,,,InrP,how,jew,discourse,,
Esther8:6,יכל,verb,qal,impf,,,VP,be able,jew,discourse,,
Esther8:6,ו,conj,,,WQt0,505833,CP,and,jew,discourse,jew,discourse
Esther8:6,ראה,verb,qal,perf,,,VP,see,jew,discourse,,
Esther8:6,ב,prep,,,,,PP,in,jew,discourse,,
Esther8:6,אבדן,subs,,,,,,destruction,jew,discourse,,
Esther8:6,מולדת,subs,,,,,,offspring,jew,discourse,,
Esther8:7,הנה,intj,,,xQt0,505835,InjP,behold,persian,discourse,persian,discourse
Esther8:7,בית,subs,,,,,NP,house,persian,discourse,,
Esther8:7,המן,nmpr,,,,,,Haman,persian,discourse,,
Esther8:7,נתן,verb,qal,perf,,,VP,give,persian,discourse,,
Esther8:7,ל,prep,,,,,PP,to,persian,discourse,,
Esther8:7,אסתר,nmpr,,,,,,Esther,persian,discourse,,
Esther8:7,ו,conj,,,WxQ0,505836,CP,and,persian,discourse,persian,discourse
Esther8:7,את,prep,,,,,PP,<object marker>,persian,discourse,,
Esther8:7,תלה,verb,qal,perf,,,VP,hang,persian,discourse,,
Esther8:7,על,prep,,,,,PP,upon,persian,discourse,,
Esther8:7,ה,art,,,,,,the,persian,discourse,,
Esther8:7,עץ,subs,,,,,,tree,persian,discourse,,
Esther8:7,על,prep,,,xQt0,505837,CP,upon,persian,discourse,persian,discourse
Esther8:7,אשׁר,conj,,,,,,<relative>,persian,discourse,,
Esther8:7,שׁלח,verb,qal,perf,,,VP,send,persian,discourse,,
Esther8:7,יד,subs,,,,,NP,hand,persian,discourse,,
Esther8:7,ב,prep,,,,,PP,in,persian,discourse,,
Esther8:7,ה,art,,,,,,the,persian,discourse,,
Esther8:7,יהודי,adjv,,,,,,Jewish,persian,discourse,,
Esther8:8,ו,conj,,,WXIm,505838,CP,and,persian,discourse,persian,discourse
Esther8:8,אתם,prps,,,,,PPrP,you,persian,discourse,,
Esther8:8,כתב,verb,qal,impv,,,VP,write,persian,discourse,,
Esther8:8,על,prep,,,,,PP,upon,persian,discourse,,
Esther8:8,ה,art,,,,,,the,persian,discourse,,
Esther8:8,יהודי,adjv,,,,,,Jewish,persian,discourse,,
Esther8:8,כ,prep,,,,,PP,as,persian,discourse,,
Esther8:8,ה,art,,,,,,the,persian,discourse,,
Esther8:8,טוב,adjv,,,,,,good,persian,discourse,,
Esther8:8,ב,prep,,,,,,in,persian,discourse,,
Esther8:8,עין,subs,,,,,,eye,persian,discourse,,
Esther8:8,ב,prep,,,,,PP,in,persian,discourse,,
Esther8:8,שׁם,subs,,,,,,name,persian,discourse,,
Esther8:8,ה,art,,,,,,the,persian,discourse,,
Esther8:8,מלך,subs,,,,,,king,persian,discourse,,
Esther8:8,ו,conj,,,WIm0,505839,CP,and,persian,discourse,persian,discourse
Esther8:8,חתם,verb,qal,impv,,,VP,seal,persian,discourse,,
Esther8:8,ב,prep,,,,,PP,in,persian,discourse,,
Esther8:8,טבעת,subs,,,,,,sealing ring,persian,discourse,,
Esther8:8,ה,art,,,,,,the,persian,discourse,,
Esther8:8,מלך,subs,,,,,,king,persian,discourse,,
Esther8:8,כי,conj,,,NmCl,505840,CP,that,persian,discourse,persian,discourse
Esther8:8,כתב,subs,,,,,NP,writing,persian,discourse,,
Esther8:8,אשׁר,conj,,,Ptcp,505841,CP,<relative>,persian,discourse,persian,discourse
Esther8:8,כתב,verb,nif,ptca,,,VP,write,persian,discourse,,
Esther8:8,ב,prep,,,,,PP,in,persian,discourse,,
Esther8:8,שׁם,subs,,,,,,name,persian,discourse,,
Esther8:8,ה,art,,,,,,the,persian,discourse,,
Esther8:8,מלך,subs,,,,,,king,persian,discourse,,
Esther8:8,ו,conj,,,InfA,505842,CP,and,persian,discourse,persian,discourse
Esther8:8,חתם,verb,nif,infa,,,VP,seal,persian,discourse,,
Esther8:8,ב,prep,,,,,PP,in,persian,discourse,,
Esther8:8,טבעת,subs,,,,,,sealing ring,persian,discourse,,
Esther8:8,ה,art,,,,,,the,persian,discourse,,
Esther8:8,מלך,subs,,,,,,king,persian,discourse,,
Esther8:8,אין,subs,,,NmCl,505840,NegP,<NEG>,persian,discourse,persian,discourse
Esther8:8,ל,prep,,,InfC,505843,VP,to,persian,discourse,persian,discourse
Esther8:8,שׁוב,verb,hif,infc,,,,return,persian,discourse,,
Esther9:12,ב,prep,,,xQtX,505913,PP,in,persian,discourse,persian,discourse
Esther9:12,שׁושׁן,nmpr,,,,,,Susa,persian,discourse,,
Esther9:12,ה,art,,,,,,the,persian,discourse,,
Esther9:12,בירה,subs,,,,,,citadel,persian,discourse,,
Esther9:12,הרג,verb,qal,perf,,,VP,kill,persian,discourse,,
Esther9:12,ה,art,,,,,NP,the,persian,discourse,,
Esther9:12,יהודי,adjv,,,,,,Jewish,persian,discourse,,
Esther9:12,ו,conj,,,InfA,505914,CP,and,persian,discourse,persian,discourse
Esther9:12,אבד,verb,piel,infa,,,VP,perish,persian,discourse,,
Esther9:12,חמשׁ,subs,,,,,NP,five,persian,discourse,,
Esther9:12,מאה,subs,,,,,,hundred,persian,discourse,,
Esther9:12,אישׁ,subs,,,,,,man,persian,discourse,,
Esther9:12,ו,conj,,,Ellp,505915,CP,and,persian,discourse,persian,discourse
Esther9:12,את,prep,,,,,PP,<object marker>,persian,discourse,,
Esther9:12,עשׂרה,subs,,,,,,ten,persian,discourse,,
Esther9:12,בן,subs,,,,,,son,persian,discourse,,
Esther9:12,המן,nmpr,,,,,,Haman,persian,discourse,,
Esther9:12,ב,prep,,,XPos,505916,PP,in,persian,discourse,persian,discourse
Esther9:12,שׁאר,subs,,,,,,rest,persian,discourse,,
Esther9:12,מדינה,subs,,,,,,district,persian,discourse,,
Esther9:12,ה,art,,,,,,the,persian,discourse,,
Esther9:12,מלך,subs,,,,,,king,persian,discourse,,
Esther9:12,מה,prin,,,xQt0,505917,IPrP,what,persian,discourse,persian,discourse
Esther9:12,עשׂה,verb,qal,perf,,,VP,make,persian,discourse,,
Esther9:12,ו,conj,,,NmCl,505918,CP,and,persian,discourse,persian,discourse
Esther9:12,מה,prin,,,,,IPrP,what,persian,discourse,,
Esther9:12,שׁאלה,subs,,,,,NP,request,persian,discourse,,
Esther9:12,ו,conj,,,WYq0,505919,CP,and,persian,discourse,persian,discourse
Esther9:12,נתן,verb,nif,impf,,,VP,give,persian,discourse,,
Esther9:12,ל,prep,,,,,PP,to,persian,discourse,,
Esther9:12,ו,conj,,,NmCl,505920,CP,and,persian,discourse,persian,discourse
Esther9:12,מה,prin,,,,,IPrP,what,persian,discourse,,
Esther9:12,בקשׁה,subs,,,,,NP,request,persian,discourse,,
Esther9:12,עוד,subs,,,,,AdvP,duration,persian,discourse,,
Esther9:12,ו,conj,,,WYq0,505921,CP,and,persian,discourse,persian,discourse
Esther9:12,עשׂה,verb,nif,impf,,,VP,make,persian,discourse,,
Esther9:13,אם,conj,,,AjCl,505923,CP,if,jew,discourse,jew,discourse
Esther9:13,על,prep,,,,,PP,upon,jew,discourse,,
Esther9:13,ה,art,,,,,,the,jew,discourse,,
Esther9:13,מלך,subs,,,,,,king,jew,discourse,,
Esther9:13,טוב,adjv,,,,,AdjP,good,jew,discourse,,
Esther9:13,נתן,verb,nif,impf,ZYq0,505924,VP,give,jew,discourse,jew,discourse
Esther9:13,גם,advb,,,,,AdvP,even,jew,discourse,,
Esther9:13,מחר,subs,,,,,,next day,jew,discourse,,
Esther9:13,ל,prep,,,,,PP,to,jew,discourse,,
Esther9:13,ה,art,,,,,,the,jew,discourse,,
Esther9:13,יהודי,adjv,,,,,,Jewish,jew,discourse,,
Esther9:13,אשׁר,conj,,,NmCl,505925,CP,<relative>,jew,discourse,jew,discourse
Esther9:13,ב,prep,,,,,PP,in,jew,discourse,,
Esther9:13,שׁושׁן,nmpr,,,,,,Susa,jew,discourse,,
Esther9:13,ל,prep,,,InfC,505926,VP,to,jew,discourse,jew,discourse
Esther9:13,עשׂה,verb,qal,infc,,,,make,jew,discourse,,
Esther9:13,כ,prep,,,,,PP,as,jew,discourse,,
Esther9:13,דת,subs,,,,,,orders,jew,discourse,,
Esther9:13,ה,art,,,,,,the,jew,discourse,,
Esther9:13,יום,subs,,,,,,day,jew,discourse,,
Esther9:13,ו,conj,,,WxY0,505927,CP,and,jew,discourse,jew,discourse
Esther9:13,את,prep,,,,,PP,<object marker>,jew,discourse,,
Esther9:13,עשׂרה,subs,,,,,,ten,jew,discourse,,
Esther9:13,בן,subs,,,,,,son,jew,discourse,,
Esther9:13,המן,nmpr,,,,,,Haman,jew,discourse,,
Esther9:13,תלה,verb,qal,impf,,,VP,hang,jew,discourse,,
Esther9:13,על,prep,,,,,PP,upon,jew,discourse,,
Esther9:13,ה,art,,,,,,the,jew,discourse,,
Esther9:13,עץ,subs,,,,,,tree,jew,discourse,,
