book,lex,sp,vs,vt,ctyp,ptyp,gloss
verse,ו,conj,,,Way0,CP,and
verse,היה,verb,qal,wayq,,VP,be
verse,ב,prep,,,,PP,in
verse,יום,subs,,,,,day
verse,אחשׁורושׁ,nmpr,,,,,Ahasuerus
verse,הוא,prps,,,NmCl,PPrP,he
verse,אחשׁורושׁ,nmpr,,,,PrNP,Ahasuerus
verse,ה,art,,,Ptcp,CP,the
verse,מלך,verb,qal,ptca,,VP,be king
verse,מן,prep,,,,PP,from
verse,הדו,nmpr,,,,,India
verse,ו,conj,,,,,and
verse,עד,prep,,,,,unto
verse,כושׁ,nmpr,,,,,Cush
verse,שׁבע,subs,,,,,seven
verse,ו,conj,,,,,and
verse,עשׂרים,subs,,,,,twenty
verse,ו,conj,,,,,and
verse,מאה,subs,,,,,hundred
verse,מדינה,subs,,,,,district
verse,ב,prep,,,xQt0,PP,in
verse,ה,art,,,,,the
verse,יום,subs,,,,,day
verse,ה,art,,,,,the
verse,הם,prps,,,,,they
verse,כ,prep,,,InfC,VP,as
verse,ישׁב,verb,qal,infc,,,sit
verse,ה,art,,,,NP,the
verse,מלך,subs,,,,,king
verse,אחשׁורושׁ,nmpr,,,,,Ahasuerus
verse,על,prep,,,,PP,upon
verse,כסא,subs,,,,,seat
verse,מלכות,subs,,,,,kingship
verse,אשׁר,conj,,,NmCl,CP,<relative>
verse,ב,prep,,,,PP,in
verse,שׁושׁן,nmpr,,,,,Susa
verse,ה,art,,,,,the
verse,בירה,subs,,,,,citadel
verse,ב,prep,,,xQt0,PP,in
verse,שׁנה,subs,,,,,year
verse,שׁלשׁ,subs,,,,,three
verse,ל,prep,,,InfC,VP,to
verse,מלך,verb,qal,infc,,,be king
verse,עשׂה,verb,qal,perf,xQt0,VP,make
verse,משׁתה,subs,,,,NP,drinking
verse,ל,prep,,,,PP,to
verse,כל,subs,,,,,whole
verse,שׂר,subs,,,,,chief
verse,ו,conj,,,,,and
verse,עבד,subs,,,,,servant
verse,חיל,subs,,,,,power
verse,פרס,nmpr,,,,,Persia
verse,ו,conj,,,,,and
verse,מדי,nmpr,,,,,Media
verse,ה,art,,,,,the
verse,פרתמים,subs,,,,,nobles
verse,ו,conj,,,,,and
verse,שׂר,subs,,,,,chief
verse,ה,art,,,,,the
verse,מדינה,subs,,,,,district
verse,ל,prep,,,,,to
verse,פנה,subs,,,,,face
verse,ב,prep,,,InfC,VP,in
verse,ראה,verb,hif,infc,,,see
verse,את,prep,,,,PP,<object marker>
verse,עשׁר,subs,,,,,riches
verse,כבוד,subs,,,,,weight
verse,מלכות,subs,,,,,kingship
verse,ו,conj,,,,,and
verse,את,prep,,,,,<object marker>
verse,יקר,subs,,,,,preciousness
verse,תפארת,subs,,,,,splendour
verse,גדולה,subs,,,,,greatness
verse,יום,subs,,,,NP,day
verse,רב,adjv,,,,,much
verse,שׁמנה,subs,,,,,eight
verse,ו,conj,,,,,and
verse,מאה,subs,,,,,hundred
verse,יום,subs,,,,,day
verse,ו,conj,,,WxQX,CP,and
verse,ב,prep,,,InfC,VP,in
verse,מלא,verb,qal,infc,,,be full
verse,ה,art,,,,NP,the
verse,יום,subs,,,,,day
verse,ה,art,,,,,the
verse,אלה,prde,,,,,these
verse,עשׂה,verb,qal,perf,WxQX,VP,make
verse,ה,art,,,,NP,the
verse,מלך,subs,,,,,king
verse,ל,prep,,,,PP,to
verse,כל,subs,,,,,whole
verse,ה,art,,,,,the
verse,עם,subs,,,,,people
verse,ה,art,,,Ptcp,CP,the
verse,מצא,verb,nif,ptca,,VP,find
verse,ב,prep,,,,PP,in
verse,שׁושׁן,nmpr,,,,,Susa
verse,ה,art,,,,,the
verse,בירה,subs,,,,,citadel
verse,ל,prep,,,WxQX,PP,to
verse,מן,prep,,,,,from
verse,גדול,adjv,,,,,great
verse,ו,conj,,,,,and
verse,עד,prep,,,,,unto
verse,קטן,adjv,,,,,small
verse,משׁתה,subs,,,,NP,drinking
verse,שׁבע,subs,,,,NP,seven
verse,יום,subs,,,,,day
verse,ב,prep,,,,PP,in
verse,חצר,subs,,,,,court
verse,גנה,subs,,,,,garden
verse,ביתן,subs,,,,,palace
verse,ה,art,,,,,the
verse,מלך,subs,,,,,king
verse,חור,subs,,,Ptcp,NP,linen
verse,כרפס,subs,,,,,linen
verse,ו,conj,,,,,and
verse,תכלת,subs,,,,,purple wool
verse,אחז,verb,qal,ptcp,,VP,seize
verse,ב,prep,,,,PP,in
verse,חבל,subs,,,,,cord
verse,בוץ,subs,,,,,byssus cloth
verse,ו,conj,,,,,and
verse,ארגמן,subs,,,,,purple-wool
verse,על,prep,,,,PP,upon
verse,גליל,subs,,,,,pivot
verse,כסף,subs,,,,,silver
verse,ו,conj,,,,,and
verse,עמוד,subs,,,,,pillar
verse,שׁשׁ,subs,,,,,alabaster
verse,מטה,subs,,,NmCl,NP,couch
verse,זהב,subs,,,,,gold
verse,ו,conj,,,,,and
verse,כסף,subs,,,,,silver
verse,על,prep,,,,PP,upon
verse,רצפה,subs,,,,,pavement
verse,בהט,subs,,,,,<uncertain>
verse,ו,conj,,,,,and
verse,שׁשׁ,subs,,,,,alabaster
verse,ו,conj,,,,,and
verse,דר,subs,,,,,pavement
verse,ו,conj,,,,,and
verse,סחרת,subs,,,,,pavement
verse,ו,conj,,,InfC,CP,and
verse,שׁקה,verb,hif,infc,,VP,give drink
verse,ב,prep,,,,PP,in
verse,כלי,subs,,,,,tool
verse,זהב,subs,,,,,gold
verse,ו,conj,,,Ptcp,CP,and
verse,כלי,subs,,,,NP,tool
verse,מן,prep,,,,PP,from
verse,כלי,subs,,,,,tool
verse,שׁנה,verb,qal,ptca,,VP,change
verse,ו,conj,,,AjCl,CP,and
verse,יין,subs,,,,NP,wine
verse,מלכות,subs,,,,,kingship
verse,רב,adjv,,,,AdjP,much
verse,כ,prep,,,,PP,as
verse,יד,subs,,,,,hand
verse,ה,art,,,,,the
verse,מלך,subs,,,,,king
verse,ו,conj,,,NmCl,CP,and
verse,ה,art,,,,NP,the
verse,שׁתיה,subs,,,,,drinking
verse,כ,prep,,,,PP,as
verse,ה,art,,,,,the
verse,דת,subs,,,,,orders
verse,אין,subs,,,NmCl,NegP,<NEG>
verse,אנס,verb,qal,ptca,,NP,compel
verse,כי,conj,,,xQtX,CP,that
verse,כן,advb,,,,AdvP,thus
verse,יסד,verb,piel,perf,,VP,found
verse,ה,art,,,,NP,the
verse,מלך,subs,,,,,king
verse,על,prep,,,,PP,upon
verse,כל,subs,,,,,whole
verse,רב,subs,,,,,chief
verse,בית,subs,,,,,house
verse,ל,prep,,,InfC,VP,to
verse,עשׂה,verb,qal,infc,,,make
verse,כ,prep,,,,PP,as
verse,רצון,subs,,,,,pleasure
verse,אישׁ,subs,,,,,man
verse,ו,conj,,,,,and
verse,אישׁ,subs,,,,,man
verse,גם,advb,,,XQtl,PrNP,even
verse,ושׁתי,nmpr,,,,,Vashti
verse,ה,art,,,,,the
verse,מלכה,subs,,,,,queen
verse,עשׂה,verb,qal,perf,,VP,make
verse,משׁתה,subs,,,,NP,drinking
verse,אשׁה,subs,,,,,woman
verse,בית,subs,,,,NP,house
verse,ה,art,,,,,the
verse,מלכות,subs,,,,,kingship
verse,אשׁר,conj,,,NmCl,CP,<relative>
verse,ל,prep,,,,PP,to
verse,ה,art,,,,,the
verse,מלך,subs,,,,,king
verse,אחשׁורושׁ,nmpr,,,,,Ahasuerus
verse,ב,prep,,,xQt0,PP,in
verse,ה,art,,,,,the
verse,יום,subs,,,,,day
verse,ה,art,,,,,the
verse,שׁביעי,adjv,,,,,seventh
verse,כ,prep,,,InfC,VP,as
verse,טוב,verb,qal,infc,,,be good
verse,לב,subs,,,,NP,heart
verse,ה,art,,,,,the
verse,מלך,subs,,,,,king
verse,ב,prep,,,,PP,in
verse,ה,art,,,,,the
verse,יין,subs,,,,,wine
verse,אמר,verb,qal,perf,xQt0,VP,say
verse,ל,prep,,,,PP,to
verse,מהומן,nmpr,,,,,Mehuman
verse,בזתא,nmpr,,,,,Biztha
verse,חרבונא,nmpr,,,,,Harbona
verse,בגתא,nmpr,,,,,Bigtha
verse,ו,conj,,,,,and
verse,אבגתא,nmpr,,,,,Abagtha
verse,זתר,nmpr,,,,,Zethar
verse,ו,conj,,,,,and
verse,כרכס,nmpr,,,,,Carcas
verse,שׁבע,subs,,,,,seven
verse,ה,art,,,,,the
verse,סריס,subs,,,,,official
verse,ה,art,,,Ptcp,CP,the
verse,שׁרת,verb,piel,ptca,,VP,serve
verse,את,prep,,,,PP,together with
verse,פנה,subs,,,,,face
verse,ה,art,,,,,the
verse,מלך,subs,,,,,king
verse,אחשׁורושׁ,nmpr,,,,,Ahasuerus
verse,ל,prep,,,InfC,VP,to
verse,בוא,verb,hif,infc,,,come
verse,את,prep,,,,PP,<object marker>
verse,ושׁתי,nmpr,,,,,Vashti
verse,ה,art,,,,,the
verse,מלכה,subs,,,,,queen
verse,ל,prep,,,,PP,to
verse,פנה,subs,,,,,face
verse,ה,art,,,,,the
verse,מלך,subs,,,,,king
verse,ב,prep,,,,PP,in
verse,כתר,subs,,,,,headdress
verse,מלכות,subs,,,,,kingship
verse,ל,prep,,,InfC,VP,to
verse,ראה,verb,hif,infc,,,see
verse,ה,art,,,,NP,the
verse,עם,subs,,,,,people
verse,ו,conj,,,,,and
verse,ה,art,,,,,the
verse,שׂר,subs,,,,,chief
verse,את,prep,,,,PP,<object marker>
verse,יפי,subs,,,,,beauty
verse,כי,conj,,,AjCl,CP,that
verse,טוב,adjv,,,,AdjP,good
verse,מראה,subs,,,,,sight
verse,היא,prps,,,,PPrP,she
verse,ו,conj,,,WayX,CP,and
verse,מאן,verb,piel,wayq,,VP,refuse
verse,ה,art,,,,NP,the
verse,מלכה,subs,,,,,queen
verse,ושׁתי,nmpr,,,,,Vashti
verse,ל,prep,,,InfC,VP,to
verse,בוא,verb,qal,infc,,,come
verse,ב,prep,,,,PP,in
verse,דבר,subs,,,,,word
verse,ה,art,,,,,the
verse,מלך,subs,,,,,king
verse,אשׁר,conj,,,NmCl,CP,<relative>
verse,ב,prep,,,,PP,in
verse,יד,subs,,,,,hand
verse,ה,art,,,,,the
verse,סריס,subs,,,,,official
verse,ו,conj,,,WayX,CP,and
verse,קצף,verb,qal,wayq,,VP,be angry
verse,ה,art,,,,NP,the
verse,מלך,subs,,,,,king
verse,מאד,subs,,,,AdvP,might
verse,ו,conj,,,WXQt,CP,and
verse,חמה,subs,,,,NP,heat
verse,בער,verb,qal,perf,,VP,burn
verse,ב,prep,,,,PP,in
verse,ו,conj,,,WayX,CP,and
verse,אמר,verb,qal,wayq,,VP,say
verse,ה,art,,,,NP,the
verse,מלך,subs,,,,,king
verse,ל,prep,,,,PP,to
verse,ה,art,,,,,the
verse,חכם,adjv,,,,,wise
verse,ידע,verb,qal,ptca,,,know
verse,ה,art,,,,,the
verse,עת,subs,,,,,time
verse,כי,conj,,,NmCl,CP,that
verse,כן,advb,,,,AdvP,thus
verse,דבר,subs,,,,NP,word
verse,ה,art,,,,,the
verse,מלך,subs,,,,,king
verse,ל,prep,,,,PP,to
verse,פנה,subs,,,,,face
verse,כל,subs,,,,,whole
verse,ידע,verb,qal,ptca,,,know
verse,דת,subs,,,,,orders
verse,ו,conj,,,,,and
verse,דין,subs,,,,,claim
verse,ו,conj,,,NmCl,CP,and
verse,ה,art,,,AjCl,CP,the
verse,קרוב,adjv,,,,AdjP,near
verse,אל,prep,,,,PP,to
verse,כרשׁנא,nmpr,,,NmCl,PrNP,Carshena
verse,שׁתר,nmpr,,,,,Shethar
verse,אדמתא,nmpr,,,,,Admatha
verse,תרשׁישׁ,nmpr,,,,,Tarshish
verse,מרס,nmpr,,,,,Meres
verse,מרסנא,nmpr,,,,,Marsena
verse,ממוכן,nmpr,,,,,Memucan
verse,שׁבע,subs,,,,,seven
verse,שׂר,subs,,,,,chief
verse,פרס,nmpr,,,,,Persia
verse,ו,conj,,,,,and
verse,מדי,nmpr,,,,,Media
verse,ראה,verb,qal,ptca,,,see
verse,פנה,subs,,,,,face
verse,ה,art,,,,,the
verse,מלך,subs,,,,,king
verse,ה,art,,,Ptcp,CP,the
verse,ישׁב,verb,qal,ptca,,VP,sit
verse,ראשׁון,adjv,,,,AdvP,first
verse,ב,prep,,,,PP,in
verse,ה,art,,,,,the
verse,מלכות,subs,,,,,kingship
verse,ו,conj,,,WayX,CP,and
verse,אמר,verb,qal,wayq,,VP,say
verse,ממוכן,nmpr,,,,PrNP,Memucan
verse,ל,prep,,,,PP,to
verse,פנה,subs,,,,,face
verse,ה,art,,,,,the
verse,מלך,subs,,,,,king
verse,ו,conj,,,,,and
verse,ה,art,,,,,the
verse,שׂר,subs,,,,,chief
verse,ו,conj,,,WayX,CP,and
verse,יטב,verb,qal,wayq,,VP,be good
verse,ה,art,,,,NP,the
verse,דבר,subs,,,,,word
verse,ב,prep,,,,PP,in
verse,עין,subs,,,,,eye
verse,ה,art,,,,,the
verse,מלך,subs,,,,,king
verse,ו,conj,,,,,and
verse,ה,art,,,,,the
verse,שׂר,subs,,,,,chief
verse,ו,conj,,,WayX,CP,and
verse,עשׂה,verb,qal,wayq,,VP,make
verse,ה,art,,,,NP,the
verse,מלך,subs,,,,,king
verse,כ,prep,,,,PP,as
verse,דבר,subs,,,,,word
verse,ממוכן,nmpr,,,,,Memucan
verse,אחר,subs,,,xQt0,PP,after
verse,ה,art,,,,,the
verse,דבר,subs,,,,,word
verse,ה,art,,,,,the
verse,אלה,prde,,,,,these
verse,כ,prep,,,InfC,VP,as
verse,שׁכך,verb,qal,infc,,,go down
verse,חמה,subs,,,,NP,heat
verse,ה,art,,,,,the
verse,מלך,subs,,,,,king
verse,אחשׁורושׁ,nmpr,,,,,Ahasuerus
verse,זכר,verb,qal,perf,xQt0,VP,remember
verse,את,prep,,,,PP,<object marker>
verse,ושׁתי,nmpr,,,,,Vashti
verse,ו,conj,,,WxQ0,CP,and
verse,את,prep,,,,CP,<object marker>
verse,אשׁר,conj,,,,,<relative>
verse,עשׂה,verb,qal,perf,,VP,make
verse,ו,conj,,,WxQ0,CP,and
verse,את,prep,,,,CP,<object marker>
verse,אשׁר,conj,,,,,<relative>
verse,גזר,verb,nif,perf,,VP,cut
verse,על,prep,,,,PP,upon
verse,ו,conj,,,WayX,CP,and
verse,אמר,verb,qal,wayq,,VP,say
verse,נער,subs,,,,NP,boy
verse,ה,art,,,,,the
verse,מלך,subs,,,,,king
verse,שׁרת,verb,piel,ptca,,,serve
verse,ו,conj,,,WayX,CP,and
verse,יטב,verb,qal,wayq,,VP,be good
verse,ה,art,,,,NP,the
verse,דבר,subs,,,,,word
verse,ב,prep,,,,PP,in
verse,עין,subs,,,,,eye
verse,ה,art,,,,,the
verse,מלך,subs,,,,,king
verse,ו,conj,,,Way0,CP,and
verse,עשׂה,verb,qal,wayq,,VP,make
verse,כן,advb,,,,AdvP,thus
verse,אישׁ,subs,,,XQtl,NP,man
verse,יהודי,adjv,,,,,Jewish
verse,היה,verb,qal,perf,,VP,be
verse,ב,prep,,,,PP,in
verse,שׁושׁן,nmpr,,,,,Susa
verse,ה,art,,,,,the
verse,בירה,subs,,,,,citadel
verse,ו,conj,,,NmCl,CP,and
verse,שׁם,subs,,,,NP,name
verse,מרדכי,nmpr,,,,PrNP,Mordecai
verse,בן,subs,,,,,son
verse,יאיר,nmpr,,,,,Jair
verse,בן,subs,,,,,son
verse,שׁמעי,nmpr,,,,,Shimei
verse,בן,subs,,,,,son
verse,קישׁ,nmpr,,,,,Kish
verse,אישׁ,subs,,,NmCl,NP,man
verse,ימיני,adjv,,,,,Benjaminite
verse,אשׁר,conj,,,xQt0,CP,<relative>
verse,גלה,verb,hof,perf,,VP,uncover
verse,מן,prep,,,,PP,from
verse,ירושׁלם,nmpr,,,,,Jerusalem
verse,עם,prep,,,,PP,with
verse,ה,art,,,,,the
verse,גולה,subs,,,,,exile
verse,אשׁר,conj,,,xQt0,CP,<relative>
verse,גלה,verb,hof,perf,,VP,uncover
verse,עם,prep,,,,PP,with
verse,יכניה,nmpr,,,,,Jehoiachin
verse,מלך,subs,,,,,king
verse,יהודה,nmpr,,,,,Judah
verse,אשׁר,conj,,,xQtX,CP,<relative>
verse,גלה,verb,hif,perf,,VP,uncover
verse,נבוכדנאצר,nmpr,,,,PrNP,Nebuchadnezzar
verse,מלך,subs,,,,,king
verse,בבל,nmpr,,,,,Babel
verse,ו,conj,,,Way0,CP,and
verse,היה,verb,qal,wayq,,VP,be
verse,אמן,verb,qal,ptca,,VP,be firm
verse,את,prep,,,,PP,<object marker>
verse,הדסה,nmpr,,,,,Hadassah
verse,בת,subs,,,,,daughter
verse,דוד,subs,,,,,beloved one
verse,היא,prps,,,NmCl,PPrP,she
verse,אסתר,nmpr,,,,PrNP,Esther
verse,כי,conj,,,NmCl,CP,that
verse,אין,subs,,,,NegP,<NEG>
verse,ל,prep,,,,PP,to
verse,אב,subs,,,,NP,father
verse,ו,conj,,,,,and
verse,אם,subs,,,,,mother
verse,ו,conj,,,AjCl,CP,and
verse,ה,art,,,,NP,the
verse,נערה,subs,,,,,girl
verse,יפה,adjv,,,,AdjP,beautiful
verse,תאר,subs,,,,,form
verse,ו,conj,,,,,and
verse,טוב,adjv,,,,,good
verse,מראה,subs,,,,,sight
verse,ו,conj,,,WxQX,CP,and
verse,ב,prep,,,,PP,in
verse,מות,subs,,,,,death
verse,אב,subs,,,,,father
verse,ו,conj,,,,,and
verse,אם,subs,,,,,mother
verse,לקח,verb,qal,perf,,VP,take
verse,מרדכי,nmpr,,,,PrNP,Mordecai
verse,ל,prep,,,,PP,to
verse,ל,prep,,,,PP,to
verse,בת,subs,,,,,daughter
verse,ו,conj,,,Way0,CP,and
verse,היה,verb,qal,wayq,,VP,be
verse,ב,prep,,,InfC,VP,in
verse,שׁמע,verb,nif,infc,,,hear
verse,דבר,subs,,,,NP,word
verse,ה,art,,,,,the
verse,מלך,subs,,,,,king
verse,ו,conj,,,,,and
verse,דת,subs,,,,,orders
verse,ו,conj,,,InfC,CP,and
verse,ב,prep,,,,VP,in
verse,קבץ,verb,nif,infc,,,collect
verse,נערה,subs,,,,NP,girl
verse,רב,adjv,,,,,much
verse,אל,prep,,,,PP,to
verse,שׁושׁן,nmpr,,,,,Susa
verse,ה,art,,,,,the
verse,בירה,subs,,,,,citadel
verse,אל,prep,,,,PP,to
verse,יד,subs,,,,,hand
verse,הגי,nmpr,,,,,Hegai
verse,ו,conj,,,WayX,CP,and
verse,לקח,verb,nif,wayq,,VP,take
verse,אסתר,nmpr,,,,PrNP,Esther
verse,אל,prep,,,,PP,to
verse,בית,subs,,,,,house
verse,ה,art,,,,,the
verse,מלך,subs,,,,,king
verse,אל,prep,,,,PP,to
verse,יד,subs,,,,,hand
verse,הגי,nmpr,,,,,Hegai
verse,שׁמר,verb,qal,ptca,,,keep
verse,ה,art,,,,,the
verse,אשׁה,subs,,,,,woman
verse,ו,conj,,,WayX,CP,and
verse,יטב,verb,qal,wayq,,VP,be good
verse,ה,art,,,,NP,the
verse,נערה,subs,,,,,girl
verse,ב,prep,,,,PP,in
verse,עין,subs,,,,,eye
verse,ו,conj,,,Way0,CP,and
verse,נשׂא,verb,qal,wayq,,VP,lift
verse,חסד,subs,,,,NP,loyalty
verse,ל,prep,,,,PP,to
verse,פנה,subs,,,,,face
verse,ו,conj,,,Way0,CP,and
verse,בהל,verb,piel,wayq,,VP,disturb
verse,את,prep,,,,PP,<object marker>
verse,תמרוק,subs,,,,,massage
verse,ו,conj,,,,,and
verse,את,prep,,,,,<object marker>
verse,מנה,subs,,,,,portion
verse,ל,prep,,,InfC,VP,to
verse,נתן,verb,qal,infc,,,give
verse,ל,prep,,,,PP,to
verse,ו,conj,,,Ellp,CP,and
verse,את,prep,,,,PP,<object marker>
verse,שׁבע,subs,,,,,seven
verse,ה,art,,,,,the
verse,נערה,subs,,,,,girl
verse,ה,art,,,,,the
verse,ראה,verb,qal,ptcp,,,see
verse,ל,prep,,,InfC,VP,to
verse,נתן,verb,qal,infc,,,give
verse,ל,prep,,,,PP,to
verse,מן,prep,,,,PP,from
verse,בית,subs,,,,,house
verse,ה,art,,,,,the
verse,מלך,subs,,,,,king
verse,ו,conj,,,Way0,CP,and
verse,שׁנה,verb,piel,wayq,,VP,change
verse,ו,conj,,,,,and
verse,את,prep,,,,,<object marker>
verse,נערה,subs,,,,,girl
verse,ל,prep,,,,PP,to
verse,טוב,adjv,,,,,good
verse,בית,subs,,,,,house
verse,ה,art,,,,,the
verse,אשׁה,subs,,,,,woman
verse,לא,nega,,,xQtX,NegP,not
verse,נגד,verb,hif,perf,,VP,report
verse,אסתר,nmpr,,,,PrNP,Esther
verse,את,prep,,,,PP,<object marker>
verse,עם,subs,,,,,people
verse,ו,conj,,,,,and
verse,את,prep,,,,,<object marker>
verse,מולדת,subs,,,,,offspring
verse,כי,conj,,,XQtl,CP,that
verse,מרדכי,nmpr,,,,PrNP,Mordecai
verse,צוה,verb,piel,perf,,VP,command
verse,על,prep,,,,PP,upon
verse,אשׁר,conj,,,xYq0,CP,<relative>
verse,לא,nega,,,,NegP,not
verse,נגד,verb,hif,impf,,VP,report
verse,ו,conj,,,Ptcp,CP,and
verse,ב,prep,,,,PP,in
verse,כל,subs,,,,,whole
verse,יום,subs,,,,,day
verse,ו,conj,,,,,and
verse,יום,subs,,,,,day
verse,מרדכי,nmpr,,,,PrNP,Mordecai
verse,הלך,verb,hit,ptca,,VP,walk
verse,ל,prep,,,,PP,to
verse,פנה,subs,,,,,face
verse,חצר,subs,,,,,court
verse,בית,subs,,,,,house
verse,ה,art,,,,,the
verse,אשׁה,subs,,,,,woman
verse,ל,prep,,,InfC,VP,to
verse,ידע,verb,qal,infc,,,know
verse,את,prep,,,,PP,<object marker>
verse,שׁלום,subs,,,,,peace
verse,אסתר,nmpr,,,,,Esther
verse,ו,conj,,,WXYq,CP,and
verse,מה,prin,,,,IPrP,what
verse,עשׂה,verb,nif,impf,,VP,make
verse,ב,prep,,,,PP,in
verse,ו,conj,,,CPen,CP,and
verse,ב,prep,,,,VP,in
verse,נגע,verb,hif,infc,,,touch
verse,תור,subs,,,,NP,turn
verse,נערה,subs,,,,,girl
verse,ו,conj,,,,,and
verse,נערה,subs,,,,,girl
verse,ל,prep,,,InfC,VP,to
verse,בוא,verb,qal,infc,,,come
verse,אל,prep,,,,PP,to
verse,ה,art,,,,,the
verse,מלך,subs,,,,,king
verse,אחשׁורושׁ,nmpr,,,,,Ahasuerus
verse,מן,prep,,,Ellp,PP,from
verse,קץ,subs,,,,,end
verse,היה,verb,qal,infc,InfC,VP,be
verse,ל,prep,,,,PP,to
verse,כ,prep,,,,PP,as
verse,דת,subs,,,,,orders
verse,ה,art,,,,,the
verse,אשׁה,subs,,,,,woman
verse,שׁנים,subs,,,,NP,two
verse,עשׂר,subs,,,,,-teen
verse,חדשׁ,subs,,,,,month
verse,ו,conj,,,Ptcp,CP,and
verse,ב,prep,,,,PP,in
verse,זה,prde,,,,,this
verse,ה,art,,,,NP,the
verse,נערה,subs,,,,,girl
verse,בוא,verb,qal,ptca,,VP,come
verse,אל,prep,,,,PP,to
verse,ה,art,,,,,the
verse,מלך,subs,,,,,king
verse,כי,conj,,,xYqX,CP,that
verse,כן,advb,,,,AdvP,thus
verse,מלא,verb,qal,impf,,VP,be full
verse,יום,subs,,,,NP,day
verse,מרוקים,subs,,,,,massage
verse,שׁשׁ,subs,,,Ellp,NP,six
verse,חדשׁ,subs,,,,,month
verse,ב,prep,,,,PP,in
verse,שׁמן,subs,,,,,oil
verse,ה,art,,,,,the
verse,מר,subs,,,,,myrrh
verse,ו,conj,,,Ellp,CP,and
verse,שׁשׁ,subs,,,,NP,six
verse,חדשׁ,subs,,,,,month
verse,ב,prep,,,,PP,in
verse,ה,art,,,,,the
verse,בשׂם,subs,,,,,balsam-tree
verse,ו,conj,,,,,and
verse,ב,prep,,,,,in
verse,תמרוק,subs,,,,,massage
verse,ה,art,,,,,the
verse,אשׁה,subs,,,,,woman
verse,את,prep,,,xYq0,PP,<object marker>
verse,כל,subs,,,,,whole
verse,אשׁר,conj,,,xYq0,CP,<relative>
verse,אמר,verb,qal,impf,,VP,say
verse,נתן,verb,nif,impf,xYq0,VP,give
verse,ל,prep,,,,PP,to
verse,ל,prep,,,InfC,VP,to
verse,בוא,verb,qal,infc,,,come
verse,עם,prep,,,,PP,with
verse,מן,prep,,,,PP,from
verse,בית,subs,,,,,house
verse,ה,art,,,,,the
verse,אשׁה,subs,,,,,woman
verse,עד,prep,,,,PP,unto
verse,בית,subs,,,,,house
verse,ה,art,,,,,the
verse,מלך,subs,,,,,king
verse,ב,prep,,,Ptcp,PP,in
verse,ה,art,,,,,the
verse,ערב,subs,,,,,evening
verse,היא,prps,,,,PPrP,she
verse,בוא,verb,qal,ptca,,VP,come
verse,ו,conj,,,Ptcp,CP,and
verse,ב,prep,,,,PP,in
verse,ה,art,,,,,the
verse,בקר,subs,,,,,morning
verse,היא,prps,,,,PPrP,she
verse,שׁוב,verb,qal,ptca,,VP,return
verse,אל,prep,,,,PP,to
verse,בית,subs,,,,,house
verse,ה,art,,,,,the
verse,אשׁה,subs,,,,,woman
verse,שׁני,adjv,,,,,second
verse,אל,prep,,,,PP,to
verse,יד,subs,,,,,hand
verse,שׁעשׁגז,nmpr,,,,,Shaashgaz
verse,סריס,subs,,,,,official
verse,ה,art,,,,,the
verse,מלך,subs,,,,,king
verse,שׁמר,verb,qal,ptca,,,keep
verse,ה,art,,,,,the
verse,פלגשׁ,subs,,,,,concubine
verse,לא,nega,,,xYq0,NegP,not
verse,בוא,verb,qal,impf,,VP,come
verse,עוד,subs,,,,AdvP,duration
verse,אל,prep,,,,PP,to
verse,ה,art,,,,,the
verse,מלך,subs,,,,,king
verse,כי,conj,,,xQtX,CP,that
verse,אם,conj,,,,,if
verse,חפץ,verb,qal,perf,,VP,desire
verse,ב,prep,,,,PP,in
verse,ה,art,,,,NP,the
verse,מלך,subs,,,,,king
verse,ו,conj,,,WQt0,CP,and
verse,קרא,verb,nif,perf,,VP,call
verse,ב,prep,,,,PP,in
verse,שׁם,subs,,,,,name
verse,ו,conj,,,WxQ0,CP,and
verse,ב,prep,,,InfC,VP,in
verse,נגע,verb,hif,infc,,,touch
verse,תור,subs,,,,NP,turn
verse,אסתר,nmpr,,,,,Esther
verse,בת,subs,,,,,daughter
verse,אביחיל,nmpr,,,,,Abihail
verse,דוד,subs,,,,,beloved one
verse,מרדכי,nmpr,,,,,Mordecai
verse,אשׁר,conj,,,xQt0,CP,<relative>
verse,לקח,verb,qal,perf,,VP,take
verse,ל,prep,,,,PP,to
verse,ל,prep,,,,PP,to
verse,בת,subs,,,,,daughter
verse,ל,prep,,,InfC,VP,to
verse,בוא,verb,qal,infc,,,come
verse,אל,prep,,,,PP,to
verse,ה,art,,,,,the
verse,מלך,subs,,,,,king
verse,לא,nega,,,WxQ0,NegP,not
verse,בקשׁ,verb,piel,perf,,VP,seek
verse,דבר,subs,,,,NP,word
verse,כי,conj,,,Ellp,CP,that
verse,אם,conj,,,,,if
verse,את,prep,,,xYqX,CP,<object marker>
verse,אשׁר,conj,,,,,<relative>
verse,אמר,verb,qal,impf,,VP,say
verse,הגי,nmpr,,,,PrNP,Hegai
verse,סריס,subs,,,,,official
verse,ה,art,,,,,the
verse,מלך,subs,,,,,king
verse,שׁמר,verb,qal,ptca,,,keep
verse,ה,art,,,,,the
verse,אשׁה,subs,,,,,woman
verse,ו,conj,,,WayX,CP,and
verse,היה,verb,qal,wayq,,VP,be
verse,אסתר,nmpr,,,,PrNP,Esther
verse,נשׂא,verb,qal,ptca,,VP,lift
verse,חן,subs,,,,NP,grace
verse,ב,prep,,,,PP,in
verse,עין,subs,,,,,eye
verse,כל,subs,,,,,whole
verse,ראה,verb,qal,ptca,,,see
verse,ו,conj,,,WayX,CP,and
verse,לקח,verb,nif,wayq,,VP,take
verse,אסתר,nmpr,,,,PrNP,Esther
verse,אל,prep,,,,PP,to
verse,ה,art,,,,,the
verse,מלך,subs,,,,,king
verse,אחשׁורושׁ,nmpr,,,,,Ahasuerus
verse,אל,prep,,,,PP,to
verse,בית,subs,,,,,house
verse,מלכות,subs,,,,,kingship
verse,ב,prep,,,,PP,in
verse,ה,art,,,,,the
verse,חדשׁ,subs,,,,,month
verse,ה,art,,,,,the
verse,עשׂירי,adjv,,,,,tenth
verse,ב,prep,,,,PP,in
verse,שׁנה,subs,,,,,year
verse,שׁבע,subs,,,,,seven
verse,ל,prep,,,,,to
verse,מלכות,subs,,,,,kingship
verse,הוא,prps,,,NmCl,PPrP,he
verse,חדשׁ,subs,,,,NP,month
verse,טבת,nmpr,,,,,Tebeth
verse,ו,conj,,,WayX,CP,and
verse,אהב,verb,qal,wayq,,VP,love
verse,ה,art,,,,NP,the
verse,מלך,subs,,,,,king
verse,את,prep,,,,PP,<object marker>
verse,אסתר,nmpr,,,,,Esther
verse,מן,prep,,,,PP,from
verse,כל,subs,,,,,whole
verse,ה,art,,,,,the
verse,אשׁה,subs,,,,,woman
verse,ו,conj,,,Way0,CP,and
verse,נשׂא,verb,qal,wayq,,VP,lift
verse,חן,subs,,,,NP,grace
verse,ו,conj,,,,,and
verse,חסד,subs,,,,,loyalty
verse,ל,prep,,,,PP,to
verse,פנה,subs,,,,,face
verse,מן,prep,,,,PP,from
verse,כל,subs,,,,,whole
verse,ה,art,,,,,the
verse,בתולה,subs,,,,,virgin
verse,ו,conj,,,Way0,CP,and
verse,שׂים,verb,qal,wayq,,VP,put
verse,כתר,subs,,,,NP,headdress
verse,מלכות,subs,,,,,kingship
verse,ב,prep,,,,PP,in
verse,ראשׁ,subs,,,,,head
verse,ו,conj,,,Way0,CP,and
verse,מלך,verb,hif,wayq,,VP,be king
verse,תחת,subs,,,,PP,under part
verse,ושׁתי,nmpr,,,,,Vashti
verse,ו,conj,,,WayX,CP,and
verse,עשׂה,verb,qal,wayq,,VP,make
verse,ה,art,,,,NP,the
verse,מלך,subs,,,,,king
verse,משׁתה,subs,,,,NP,drinking
verse,גדול,adjv,,,,,great
verse,ל,prep,,,,PP,to
verse,כל,subs,,,,,whole
verse,שׂר,subs,,,,,chief
verse,ו,conj,,,,,and
verse,עבד,subs,,,,,servant
verse,את,prep,,,,NP,<object marker>
verse,משׁתה,subs,,,,,drinking
verse,אסתר,nmpr,,,,,Esther
verse,ו,conj,,,WxQ0,CP,and
verse,הנחה,subs,,,,NP,release
verse,ל,prep,,,,PP,to
verse,ה,art,,,,,the
verse,מדינה,subs,,,,,district
verse,עשׂה,verb,qal,perf,,VP,make
verse,ו,conj,,,Way0,CP,and
verse,נתן,verb,qal,wayq,,VP,give
verse,משׂאת,subs,,,,NP,lifting up
verse,כ,prep,,,,PP,as
verse,יד,subs,,,,,hand
verse,ה,art,,,,,the
verse,מלך,subs,,,,,king
verse,ו,conj,,,CPen,CP,and
verse,ב,prep,,,,VP,in
verse,קבץ,verb,nif,infc,,,collect
verse,בתולה,subs,,,,NP,virgin
verse,שׁני,adjv,,,,AdvP,second
verse,ו,conj,,,Ptcp,CP,and
verse,מרדכי,nmpr,,,,PrNP,Mordecai
verse,ישׁב,verb,qal,ptca,,VP,sit
verse,ב,prep,,,,PP,in
verse,שׁער,subs,,,,,gate
verse,ה,art,,,,,the
verse,מלך,subs,,,,,king
verse,ב,prep,,,xQtX,PP,in
verse,ה,art,,,,,the
verse,יום,subs,,,,,day
verse,ה,art,,,,,the
verse,הם,prps,,,,,they
verse,קצף,verb,qal,perf,,VP,be angry
verse,בגתן,nmpr,,,,PrNP,Bigthana
verse,ו,conj,,,,,and
verse,תרשׁ,nmpr,,,,,Teresh
verse,שׁנים,subs,,,,,two
verse,סריס,subs,,,,,official
verse,ה,art,,,,,the
verse,מלך,subs,,,,,king
verse,מן,prep,,,,,from
verse,שׁמר,verb,qal,ptca,,,keep
verse,ה,art,,,,,the
verse,סף,subs,,,,,threshold
verse,אין,subs,,,Ptcp,NegP,<NEG>
verse,אסתר,nmpr,,,,PrNP,Esther
verse,נגד,verb,hif,ptca,,VP,report
verse,מולדת,subs,,,,NP,offspring
verse,ו,conj,,,,,and
verse,את,prep,,,,,<object marker>
verse,עם,subs,,,,,people
verse,כ,prep,,,xQtX,CP,as
verse,אשׁר,conj,,,,,<relative>
verse,צוה,verb,piel,perf,,VP,command
verse,על,prep,,,,PP,upon
verse,מרדכי,nmpr,,,,PrNP,Mordecai
verse,ו,conj,,,Ptcp,CP,and
verse,את,prep,,,,PP,<object marker>
verse,מאמר,subs,,,,,word
verse,מרדכי,nmpr,,,,,Mordecai
verse,אסתר,nmpr,,,,PrNP,Esther
verse,עשׂה,verb,qal,ptca,,VP,make
verse,כ,prep,,,xQt0,CP,as
verse,אשׁר,conj,,,,,<relative>
verse,היה,verb,qal,perf,,VP,be
verse,ב,prep,,,,PP,in
verse,אמנה,subs,,,,,care
verse,את,prep,,,,,together with
verse,ו,conj,,,Ptcp,CP,and
verse,מרדכי,nmpr,,,,PrNP,Mordecai
verse,ישׁב,verb,qal,ptca,,VP,sit
verse,ב,prep,,,,PP,in
verse,שׁער,subs,,,,,gate
verse,ה,art,,,,,the
verse,מלך,subs,,,,,king
verse,ו,conj,,,Way0,CP,and
verse,בקשׁ,verb,piel,wayq,,VP,seek
verse,ל,prep,,,InfC,VP,to
verse,שׁלח,verb,qal,infc,,,send
verse,יד,subs,,,,NP,hand
verse,ב,prep,,,,PP,in
verse,ה,art,,,,,the
verse,מלך,subs,,,,,king
verse,אחשׁורושׁ,nmpr,,,,,Ahasuerus
verse,ו,conj,,,WayX,CP,and
verse,ידע,verb,nif,wayq,,VP,know
verse,ה,art,,,,NP,the
verse,דבר,subs,,,,,word
verse,ל,prep,,,,PP,to
verse,מרדכי,nmpr,,,,,Mordecai
verse,ו,conj,,,Way0,CP,and
verse,נגד,verb,hif,wayq,,VP,report
verse,ל,prep,,,,PP,to
verse,אסתר,nmpr,,,,,Esther
verse,ה,art,,,,,the
verse,מלכה,subs,,,,,queen
verse,ו,conj,,,WayX,CP,and
verse,אמר,verb,qal,wayq,,VP,say
verse,אסתר,nmpr,,,,PrNP,Esther
verse,ל,prep,,,,PP,to
verse,ה,art,,,,,the
verse,מלך,subs,,,,,king
verse,ב,prep,,,,PP,in
verse,שׁם,subs,,,,,name
verse,מרדכי,nmpr,,,,,Mordecai
verse,ו,conj,,,WayX,CP,and
verse,בקשׁ,verb,pual,wayq,,VP,seek
verse,ה,art,,,,NP,the
verse,דבר,subs,,,,,word
verse,ו,conj,,,Way0,CP,and
verse,מצא,verb,nif,wayq,,VP,find
verse,ו,conj,,,WayX,CP,and
verse,תלה,verb,nif,wayq,,VP,hang
verse,שׁנים,subs,,,,NP,two
verse,על,prep,,,,PP,upon
verse,עץ,subs,,,,,tree
verse,ו,conj,,,Way0,CP,and
verse,כתב,verb,nif,wayq,,VP,write
verse,ב,prep,,,,PP,in
verse,ספר,subs,,,,,letter
verse,דבר,subs,,,,,word
verse,ה,art,,,,,the
verse,יום,subs,,,,,day
verse,ל,prep,,,,PP,to
verse,פנה,subs,,,,,face
verse,ה,art,,,,,the
verse,מלך,subs,,,,,king
verse,אחר,subs,,,xQtX,PP,after
verse,ה,art,,,,,the
verse,דבר,subs,,,,,word
verse,ה,art,,,,,the
verse,אלה,prde,,,,,these
verse,גדל,verb,piel,perf,,VP,be strong
verse,ה,art,,,,NP,the
verse,מלך,subs,,,,,king
verse,אחשׁורושׁ,nmpr,,,,,Ahasuerus
verse,את,prep,,,,PP,<object marker>
verse,המן,nmpr,,,,,Haman
verse,בן,subs,,,,,son
verse,המדתא,nmpr,,,,,Hammedatha
verse,ה,art,,,,,the
verse,אגגי,adjv,,,,,Agagite
verse,ו,conj,,,Way0,CP,and
verse,נשׂא,verb,piel,wayq,,VP,lift
verse,ו,conj,,,Way0,CP,and
verse,שׂים,verb,qal,wayq,,VP,put
verse,את,prep,,,,PP,<object marker>
verse,כסא,subs,,,,,seat
verse,מן,prep,,,,PP,from
verse,על,prep,,,,,upon
verse,כל,subs,,,,,whole
verse,ה,art,,,,,the
verse,שׂר,subs,,,,,chief
verse,אשׁר,conj,,,NmCl,CP,<relative>
verse,את,prep,,,,PP,together with
verse,ו,conj,,,Ptcp,CP,and
verse,כל,subs,,,,NP,whole
verse,עבד,subs,,,,,servant
verse,ה,art,,,,,the
verse,מלך,subs,,,,,king
verse,אשׁר,conj,,,NmCl,CP,<relative>
verse,ב,prep,,,,PP,in
verse,שׁער,subs,,,,,gate
verse,ה,art,,,,,the
verse,מלך,subs,,,,,king
verse,כרע,verb,qal,ptca,Ptcp,VP,kneel
verse,ו,conj,,,Ptcp,CP,and
verse,חוה,verb,hsht,ptca,,VP,bow down
verse,ל,prep,,,,PP,to
verse,המן,nmpr,,,,,Haman
verse,כי,conj,,,xQtX,CP,that
verse,כן,advb,,,,AdvP,thus
verse,צוה,verb,piel,perf,,VP,command
verse,ל,prep,,,,PP,to
verse,ה,art,,,,NP,the
verse,מלך,subs,,,,,king
verse,ו,conj,,,WXYq,CP,and
verse,מרדכי,nmpr,,,,PrNP,Mordecai
verse,לא,nega,,,,NegP,not
verse,כרע,verb,qal,impf,,VP,kneel
verse,ו,conj,,,WxY0,CP,and
verse,לא,nega,,,,NegP,not
verse,חוה,verb,hsht,impf,,VP,bow down
verse,ו,conj,,,WayX,CP,and
verse,אמר,verb,qal,wayq,,VP,say
verse,עבד,subs,,,,NP,servant
verse,ה,art,,,,,the
verse,מלך,subs,,,,,king
verse,אשׁר,conj,,,NmCl,CP,<relative>
verse,ב,prep,,,,PP,in
verse,שׁער,subs,,,,,gate
verse,ה,art,,,,,the
verse,מלך,subs,,,,,king
verse,ל,prep,,,WayX,PP,to
verse,מרדכי,nmpr,,,,,Mordecai
verse,ו,conj,,,Way0,CP,and
verse,היה,verb,qal,wayq,,VP,be
verse,כ,prep,,,InfC,VP,as
verse,אמר,verb,qal,infc,,,say
verse,אל,prep,,,,PP,to
verse,יום,subs,,,,NP,day
verse,ו,conj,,,,,and
verse,יום,subs,,,,,day
verse,ו,conj,,,WxQ0,CP,and
verse,לא,nega,,,,NegP,not
verse,שׁמע,verb,qal,perf,,VP,hear
verse,אל,prep,,,,PP,to
verse,ו,conj,,,Way0,CP,and
verse,נגד,verb,hif,wayq,,VP,report
verse,ל,prep,,,,PP,to
verse,המן,nmpr,,,,,Haman
verse,ל,prep,,,InfC,VP,to
verse,ראה,verb,qal,infc,,,see
verse,ה,inrg,,,xYqX,InrP,<interrogative>
verse,עמד,verb,qal,impf,,VP,stand
verse,דבר,subs,,,,NP,word
verse,מרדכי,nmpr,,,,,Mordecai
verse,כי,conj,,,xQt0,CP,that
verse,נגד,verb,hif,perf,,VP,report
verse,ל,prep,,,,PP,to
verse,אשׁר,conj,,,AjCl,CP,<relative>
verse,הוא,prps,,,,PPrP,he
verse,יהודי,adjv,,,,AdjP,Jewish
verse,ו,conj,,,WayX,CP,and
verse,ראה,verb,qal,wayq,,VP,see
verse,המן,nmpr,,,,PrNP,Haman
verse,כי,conj,,,Ptcp,CP,that
verse,אין,subs,,,,NegP,<NEG>
verse,מרדכי,nmpr,,,,PrNP,Mordecai
verse,כרע,verb,qal,ptca,,VP,kneel
verse,ו,conj,,,Ptcp,CP,and
verse,חוה,verb,hsht,ptca,,VP,bow down
verse,ל,prep,,,,PP,to
verse,ו,conj,,,WayX,CP,and
verse,מלא,verb,nif,wayq,,VP,be full
verse,המן,nmpr,,,,PrNP,Haman
verse,חמה,subs,,,,NP,heat
verse,ו,conj,,,Way0,CP,and
verse,בזה,verb,qal,wayq,,VP,despise
verse,ב,prep,,,,PP,in
verse,עין,subs,,,,,eye
verse,ל,prep,,,InfC,VP,to
verse,שׁלח,verb,qal,infc,,,send
verse,יד,subs,,,,NP,hand
verse,ב,prep,,,,PP,in
verse,מרדכי,nmpr,,,,,Mordecai
verse,ל,prep,,,,,to
verse,בד,subs,,,,,"linen, part, stave"
verse,כי,conj,,,xQt0,CP,that
verse,נגד,verb,hif,perf,,VP,report
verse,ל,prep,,,,PP,to
verse,את,prep,,,,PP,<object marker>
verse,עם,subs,,,,,people
verse,מרדכי,nmpr,,,,,Mordecai
verse,ו,conj,,,WayX,CP,and
verse,בקשׁ,verb,piel,wayq,,VP,seek
verse,המן,nmpr,,,,PrNP,Haman
verse,ל,prep,,,InfC,VP,to
verse,שׁמד,verb,hif,infc,,,destroy
verse,את,prep,,,,PP,<object marker>
verse,כל,subs,,,,,whole
verse,ה,art,,,,,the
verse,יהודי,adjv,,,,,Jewish
verse,אשׁר,conj,,,NmCl,CP,<relative>
verse,ב,prep,,,,PP,in
verse,כל,subs,,,,,whole
verse,מלכות,subs,,,,,kingship
verse,אחשׁורושׁ,nmpr,,,,,Ahasuerus
verse,עם,subs,,,InfC,PP,people
verse,מרדכי,nmpr,,,,,Mordecai
verse,ב,prep,,,xQt0,PP,in
verse,ה,art,,,,,the
verse,חדשׁ,subs,,,,,month
verse,ה,art,,,,,the
verse,ראשׁון,adjv,,,,,first
verse,ב,prep,,,,PP,in
verse,שׁנה,subs,,,,,year
verse,שׁנים,subs,,,,,two
verse,עשׂרה,subs,,,,,-teen
verse,ל,prep,,,,,to
verse,ה,art,,,,,the
verse,מלך,subs,,,,,king
verse,אחשׁורושׁ,nmpr,,,,,Ahasuerus
verse,נפל,verb,hif,perf,,VP,fall
verse,פור,subs,,,,NP,lot
verse,ל,prep,,,,PP,to
verse,פנה,subs,,,,,face
verse,המן,nmpr,,,,,Haman
verse,מן,prep,,,,PP,from
verse,יום,subs,,,,,day
verse,ל,prep,,,,,to
verse,יום,subs,,,,,day
verse,ו,conj,,,,,and
verse,מן,prep,,,,,from
verse,חדשׁ,subs,,,,,month
verse,ל,prep,,,,,to
verse,חדשׁ,subs,,,,,month
verse,שׁנים,subs,,,,,two
verse,עשׂר,subs,,,,,-teen
verse,הוא,prps,,,NmCl,PPrP,he
verse,חדשׁ,subs,,,,NP,month
verse,ניסן,nmpr,,,,,Nissan
verse,הוא,prps,,,NmCl,PPrP,he
verse,ה,art,,,,NP,the
verse,גורל,subs,,,,,lot
verse,הוא,prps,,,NmCl,PPrP,he
verse,חדשׁ,subs,,,,NP,month
verse,אדר,nmpr,,,,,Adar
verse,ו,conj,,,WayX,CP,and
verse,אמר,verb,qal,wayq,,VP,say
verse,המן,nmpr,,,,PrNP,Haman
verse,ל,prep,,,,PP,to
verse,ה,art,,,,,the
verse,מלך,subs,,,,,king
verse,אחשׁורושׁ,nmpr,,,,,Ahasuerus
verse,ו,conj,,,WayX,CP,and
verse,סור,verb,hif,wayq,,VP,turn aside
verse,ה,art,,,,NP,the
verse,מלך,subs,,,,,king
verse,את,prep,,,,PP,<object marker>
verse,טבעת,subs,,,,,sealing ring
verse,מן,prep,,,,PP,from
verse,על,prep,,,,,upon
verse,יד,subs,,,,,hand
verse,ו,conj,,,Way0,CP,and
verse,נתן,verb,qal,wayq,,VP,give
verse,ל,prep,,,,PP,to
verse,המן,nmpr,,,,,Haman
verse,בן,subs,,,,,son
verse,המדתא,nmpr,,,,,Hammedatha
verse,ה,art,,,,,the
verse,אגגי,adjv,,,,,Agagite
verse,צרר,verb,qal,ptca,Ptcp,VP,be hostile
verse,ה,art,,,,NP,the
verse,יהודי,adjv,,,,,Jewish
verse,ו,conj,,,WayX,CP,and
verse,אמר,verb,qal,wayq,,VP,say
verse,ה,art,,,,NP,the
verse,מלך,subs,,,,,king
verse,ל,prep,,,,PP,to
verse,המן,nmpr,,,,,Haman
verse,ו,conj,,,WayX,CP,and
verse,קרא,verb,nif,wayq,,VP,call
verse,ספר,subs,,,,NP,scribe
verse,ה,art,,,,,the
verse,מלך,subs,,,,,king
verse,ב,prep,,,,PP,in
verse,ה,art,,,,,the
verse,חדשׁ,subs,,,,,month
verse,ה,art,,,,,the
verse,ראשׁון,adjv,,,,,first
verse,ב,prep,,,,PP,in
verse,שׁלשׁ,subs,,,,,three
verse,עשׂר,subs,,,,,-teen
verse,יום,subs,,,,,day
verse,ב,prep,,,,,in
verse,ו,conj,,,Way0,CP,and
verse,כתב,verb,nif,wayq,,VP,write
verse,כ,prep,,,,PP,as
verse,כל,subs,,,,,whole
verse,אשׁר,conj,,,xQtX,CP,<relative>
verse,צוה,verb,piel,perf,,VP,command
verse,המן,nmpr,,,,PrNP,Haman
verse,אל,prep,,,Way0,PP,to
verse,אחשׁדרפן,subs,,,,,satrap
verse,ה,art,,,,,the
verse,מלך,subs,,,,,king
verse,ו,conj,,,,,and
verse,אל,prep,,,,,to
verse,ה,art,,,,,the
verse,פחה,subs,,,,,governor
verse,אשׁר,conj,,,NmCl,CP,<relative>
verse,על,prep,,,,PP,upon
verse,מדינה,subs,,,,,district
verse,ו,conj,,,,,and
verse,מדינה,subs,,,,,district
verse,ו,conj,,,Way0,PP,and
verse,אל,prep,,,,,to
verse,שׂר,subs,,,,,chief
verse,עם,subs,,,,,people
verse,ו,conj,,,,,and
verse,עם,subs,,,,,people
verse,מדינה,subs,,,Ellp,NP,district
verse,ו,conj,,,,,and
verse,מדינה,subs,,,,,district
verse,כ,prep,,,,,as
verse,כתב,subs,,,,,writing
verse,ו,conj,,,Ellp,CP,and
verse,עם,subs,,,,NP,people
verse,ו,conj,,,,,and
verse,עם,subs,,,,,people
verse,כ,prep,,,,,as
verse,לשׁון,subs,,,,,tongue
verse,ב,prep,,,AjCl,PP,in
verse,שׁם,subs,,,,,name
verse,ה,art,,,,,the
verse,מלך,subs,,,,,king
verse,אחשׁורושׁ,nmpr,,,,,Ahasuerus
verse,כתב,verb,nif,ptca,,AdjP,write
verse,ו,conj,,,Ptcp,CP,and
verse,חתם,verb,nif,ptca,,VP,seal
verse,ב,prep,,,,PP,in
verse,טבעת,subs,,,,,sealing ring
verse,ה,art,,,,,the
verse,מלך,subs,,,,,king
verse,ה,art,,,XQtl,NP,the
verse,רוץ,verb,qal,ptca,,,run
verse,יצא,verb,qal,perf,,VP,go out
verse,דחף,verb,qal,ptcp,Ptcp,VP,hurry
verse,ב,prep,,,,PP,in
verse,דבר,subs,,,,,word
verse,ה,art,,,,,the
verse,מלך,subs,,,,,king
verse,ו,conj,,,WXQt,CP,and
verse,ה,art,,,,NP,the
verse,דת,subs,,,,,orders
verse,נתן,verb,nif,perf,,VP,give
verse,ב,prep,,,,PP,in
verse,שׁושׁן,nmpr,,,,,Susa
verse,ה,art,,,,,the
verse,בירה,subs,,,,,citadel
verse,ו,conj,,,WXQt,CP,and
verse,ה,art,,,,NP,the
verse,מלך,subs,,,,,king
verse,ו,conj,,,,,and
verse,המן,nmpr,,,,,Haman
verse,ישׁב,verb,qal,perf,,VP,sit
verse,ל,prep,,,InfC,VP,to
verse,שׁתה,verb,qal,infc,,,drink
verse,ו,conj,,,WXQt,CP,and
verse,ה,art,,,,NP,the
verse,עיר,subs,,,,,town
verse,שׁושׁן,nmpr,,,,,Susa
verse,בוך,verb,nif,perf,,VP,confuse
verse,ו,conj,,,WXQt,CP,and
verse,מרדכי,nmpr,,,,PrNP,Mordecai
verse,ידע,verb,qal,perf,,VP,know
verse,את,prep,,,,PP,<object marker>
verse,כל,subs,,,,,whole
verse,אשׁר,conj,,,xQt0,CP,<relative>
verse,עשׂה,verb,nif,perf,,VP,make
verse,ו,conj,,,WayX,CP,and
verse,קרע,verb,qal,wayq,,VP,tear
verse,מרדכי,nmpr,,,,PrNP,Mordecai
verse,את,prep,,,,PP,<object marker>
verse,בגד,subs,,,,,garment
verse,ו,conj,,,Way0,CP,and
verse,לבשׁ,verb,qal,wayq,,VP,clothe
verse,שׂק,subs,,,,NP,sack
verse,ו,conj,,,,,and
verse,אפר,subs,,,,,dust
verse,ו,conj,,,Way0,CP,and
verse,יצא,verb,qal,wayq,,VP,go out
verse,ב,prep,,,,PP,in
verse,תוך,subs,,,,,midst
verse,ה,art,,,,,the
verse,עיר,subs,,,,,town
verse,ו,conj,,,Way0,CP,and
verse,זעק,verb,qal,wayq,,VP,cry
verse,זעקה,subs,,,,NP,cry
verse,גדול,adjv,,,,,great
verse,ו,conj,,,,,and
verse,מר,adjv,,,,,bitter
verse,ו,conj,,,Way0,CP,and
verse,בוא,verb,qal,wayq,,VP,come
verse,עד,prep,,,,PP,unto
verse,ל,prep,,,,,to
verse,פנה,subs,,,,,face
verse,שׁער,subs,,,,,gate
verse,ה,art,,,,,the
verse,מלך,subs,,,,,king
verse,כי,conj,,,NmCl,CP,that
verse,אין,subs,,,,NegP,<NEG>
verse,ל,prep,,,InfC,VP,to
verse,בוא,verb,qal,infc,,,come
verse,אל,prep,,,,PP,to
verse,שׁער,subs,,,,,gate
verse,ה,art,,,,,the
verse,מלך,subs,,,,,king
verse,ב,prep,,,,PP,in
verse,לבושׁ,subs,,,,,clothing
verse,שׂק,subs,,,,,sack
verse,ו,conj,,,NmCl,CP,and
verse,ב,prep,,,,PP,in
verse,כל,subs,,,,,whole
verse,מדינה,subs,,,,,district
verse,ו,conj,,,,,and
verse,מדינה,subs,,,,,district
verse,מקום,subs,,,,,place
verse,אשׁר,conj,,,Ptcp,CP,<relative>
verse,דבר,subs,,,,NP,word
verse,ה,art,,,,,the
verse,מלך,subs,,,,,king
verse,ו,conj,,,,,and
verse,דת,subs,,,,,orders
verse,נגע,verb,hif,ptca,,VP,touch
verse,אבל,subs,,,NmCl,NP,mourning rites
verse,גדול,adjv,,,,,great
verse,ל,prep,,,,PP,to
verse,ה,art,,,,,the
verse,יהודי,adjv,,,,,Jewish
verse,ו,conj,,,Ellp,CP,and
verse,צום,subs,,,,NP,fasting
verse,ו,conj,,,,,and
verse,בכי,subs,,,,,weeping
verse,ו,conj,,,,,and
verse,מספד,subs,,,,,wailing
verse,שׂק,subs,,,XYqt,NP,sack
verse,ו,conj,,,,,and
verse,אפר,subs,,,,,dust
verse,יצע,verb,hof,impf,,VP,spread out
verse,ל,prep,,,,PP,to
verse,ה,art,,,,,the
verse,רב,adjv,,,,,much
verse,ו,conj,,,WayX,CP,and
verse,בוא,verb,qal,wayq,,VP,come
verse,נערה,subs,,,,NP,girl
verse,אסתר,nmpr,,,,,Esther
verse,ו,conj,,,,,and
verse,סריס,subs,,,,,official
verse,ו,conj,,,Way0,CP,and
verse,נגד,verb,hif,wayq,,VP,report
verse,ל,prep,,,,PP,to
verse,ו,conj,,,WayX,CP,and
verse,חיל,verb,hit,wayq,,VP,"have labour pain, to cry"
verse,ה,art,,,,NP,the
verse,מלכה,subs,,,,,queen
verse,מאד,subs,,,,AdvP,might
verse,ו,conj,,,Way0,CP,and
verse,שׁלח,verb,qal,wayq,,VP,send
verse,בגד,subs,,,,NP,garment
verse,ל,prep,,,InfC,VP,to
verse,לבשׁ,verb,hif,infc,,,clothe
verse,את,prep,,,,PP,<object marker>
verse,מרדכי,nmpr,,,,,Mordecai
verse,ו,conj,,,InfC,CP,and
verse,ל,prep,,,,VP,to
verse,סור,verb,hif,infc,,,turn aside
verse,שׂק,subs,,,,NP,sack
verse,מן,prep,,,,PP,from
verse,על,prep,,,,,upon
verse,ו,conj,,,WxQ0,CP,and
verse,לא,nega,,,,NegP,not
verse,קבל,verb,piel,perf,,VP,take
verse,ו,conj,,,WayX,CP,and
verse,קרא,verb,qal,wayq,,VP,call
verse,אסתר,nmpr,,,,PrNP,Esther
verse,ל,prep,,,,PP,to
verse,התך,nmpr,,,,,Hathach
verse,מן,prep,,,,,from
verse,סריס,subs,,,,,official
verse,ה,art,,,,,the
verse,מלך,subs,,,,,king
verse,אשׁר,conj,,,xQt0,CP,<relative>
verse,עמד,verb,hif,perf,,VP,stand
verse,ל,prep,,,,PP,to
verse,פנה,subs,,,,,face
verse,ו,conj,,,Way0,CP,and
verse,צוה,verb,piel,wayq,,VP,command
verse,על,prep,,,,PP,upon
verse,מרדכי,nmpr,,,,,Mordecai
verse,ל,prep,,,InfC,VP,to
verse,ידע,verb,qal,infc,,,know
verse,מה,prin,,,NmCl,InrP,what
verse,זה,prde,,,,,this
verse,ו,conj,,,NmCl,CP,and
verse,על,prep,,,,PP,upon
verse,מה,prin,,,,,what
verse,זה,prde,,,,,this
verse,ו,conj,,,WayX,CP,and
verse,יצא,verb,qal,wayq,,VP,go out
verse,התך,nmpr,,,,PrNP,Hathach
verse,אל,prep,,,,PP,to
verse,מרדכי,nmpr,,,,,Mordecai
verse,אל,prep,,,,PP,to
verse,רחב,subs,,,,,open place
verse,ה,art,,,,,the
verse,עיר,subs,,,,,town
verse,אשׁר,conj,,,NmCl,CP,<relative>
verse,ל,prep,,,,PP,to
verse,פנה,subs,,,,,face
verse,שׁער,subs,,,,,gate
verse,ה,art,,,,,the
verse,מלך,subs,,,,,king
verse,ו,conj,,,WayX,CP,and
verse,נגד,verb,hif,wayq,,VP,report
verse,ל,prep,,,,PP,to
verse,מרדכי,nmpr,,,,PrNP,Mordecai
verse,את,prep,,,,PP,<object marker>
verse,כל,subs,,,,,whole
verse,אשׁר,conj,,,xQt0,CP,<relative>
verse,קרה,verb,qal,perf,,VP,meet
verse,ו,conj,,,WayX,PP,and
verse,את,prep,,,,,<object marker>
verse,פרשׁה,subs,,,,,statement
verse,ה,art,,,,,the
verse,כסף,subs,,,,,silver
verse,אשׁר,conj,,,xQtX,CP,<relative>
verse,אמר,verb,qal,perf,,VP,say
verse,המן,nmpr,,,,PrNP,Haman
verse,ל,prep,,,InfC,VP,to
verse,שׁקל,verb,qal,infc,,,weigh
verse,על,prep,,,,PP,upon
verse,גנז,subs,,,,,treasury
verse,ה,art,,,,,the
verse,מלך,subs,,,,,king
verse,ב,prep,,,,PP,in
verse,ה,art,,,,,the
verse,יהודי,adjv,,,,,Jewish
verse,ל,prep,,,InfC,VP,to
verse,אבד,verb,piel,infc,,,perish
verse,ו,conj,,,WxQ0,CP,and
verse,את,prep,,,,PP,<object marker>
verse,פתשׁגן,subs,,,,,copy
verse,כתב,subs,,,,,writing
verse,ה,art,,,,,the
verse,דת,subs,,,,,orders
verse,אשׁר,conj,,,xQt0,CP,<relative>
verse,נתן,verb,nif,perf,,VP,give
verse,ב,prep,,,,PP,in
verse,שׁושׁן,nmpr,,,,,Susa
verse,ל,prep,,,InfC,VP,to
verse,שׁמד,verb,hif,infc,,,destroy
verse,נתן,verb,qal,perf,WxQ0,VP,give
verse,ל,prep,,,,PP,to
verse,ל,prep,,,InfC,VP,to
verse,ראה,verb,hif,infc,,,see
verse,את,prep,,,,PP,<object marker>
verse,אסתר,nmpr,,,,,Esther
verse,ו,conj,,,InfC,CP,and
verse,ל,prep,,,,VP,to
verse,נגד,verb,hif,infc,,,report
verse,ל,prep,,,,PP,to
verse,ו,conj,,,InfC,CP,and
verse,ל,prep,,,,VP,to
verse,צוה,verb,piel,infc,,,command
verse,על,prep,,,,PP,upon
verse,ל,prep,,,InfC,VP,to
verse,בוא,verb,qal,infc,,,come
verse,אל,prep,,,,PP,to
verse,ה,art,,,,,the
verse,מלך,subs,,,,,king
verse,ל,prep,,,InfC,VP,to
verse,חנן,verb,hit,infc,,,favour
verse,ל,prep,,,,PP,to
verse,ו,conj,,,InfC,CP,and
verse,ל,prep,,,,VP,to
verse,בקשׁ,verb,piel,infc,,,seek
verse,מן,prep,,,,PP,from
verse,ל,prep,,,,,to
verse,פנה,subs,,,,,face
verse,על,prep,,,,PP,upon
verse,עם,subs,,,,,people
verse,ו,conj,,,WayX,CP,and
verse,בוא,verb,qal,wayq,,VP,come
verse,התך,nmpr,,,,PrNP,Hathach
verse,ו,conj,,,Way0,CP,and
verse,נגד,verb,hif,wayq,,VP,report
verse,ל,prep,,,,PP,to
verse,אסתר,nmpr,,,,,Esther
verse,את,prep,,,,PP,<object marker>
verse,דבר,subs,,,,,word
verse,מרדכי,nmpr,,,,,Mordecai
verse,ו,conj,,,WayX,CP,and
verse,אמר,verb,qal,wayq,,VP,say
verse,אסתר,nmpr,,,,PrNP,Esther
verse,ל,prep,,,,PP,to
verse,התך,nmpr,,,,,Hathach
verse,ו,conj,,,Way0,CP,and
verse,צוה,verb,piel,wayq,,VP,command
verse,אל,prep,,,,PP,to
verse,מרדכי,nmpr,,,,,Mordecai
verse,ו,conj,,,Way0,CP,and
verse,נגד,verb,hif,wayq,,VP,report
verse,ל,prep,,,,PP,to
verse,מרדכי,nmpr,,,,,Mordecai
verse,את,prep,,,,PP,<object marker>
verse,דבר,subs,,,,,word
verse,אסתר,nmpr,,,,,Esther
verse,ו,conj,,,WayX,CP,and
verse,אמר,verb,qal,wayq,,VP,say
verse,מרדכי,nmpr,,,,PrNP,Mordecai
verse,ל,prep,,,InfC,VP,to
verse,שׁוב,verb,hif,infc,,,return
verse,אל,prep,,,,PP,to
verse,אסתר,nmpr,,,,,Esther
verse,ו,conj,,,WayX,CP,and
verse,אמר,verb,qal,wayq,,VP,say
verse,אסתר,nmpr,,,,PrNP,Esther
verse,ל,prep,,,InfC,VP,to
verse,שׁוב,verb,hif,infc,,,return
verse,אל,prep,,,,PP,to
verse,מרדכי,nmpr,,,,,Mordecai
verse,ו,conj,,,WayX,CP,and
verse,עבר,verb,qal,wayq,,VP,pass
verse,מרדכי,nmpr,,,,PrNP,Mordecai
verse,ו,conj,,,Way0,CP,and
verse,עשׂה,verb,qal,wayq,,VP,make
verse,כ,prep,,,,PP,as
verse,כל,subs,,,,,whole
verse,אשׁר,conj,,,xQtX,CP,<relative>
verse,צוה,verb,piel,perf,,VP,command
verse,על,prep,,,,PP,upon
verse,אסתר,nmpr,,,,PrNP,Esther
verse,ו,conj,,,Way0,CP,and
verse,היה,verb,qal,wayq,,VP,be
verse,ב,prep,,,,PP,in
verse,ה,art,,,,,the
verse,יום,subs,,,,,day
verse,ה,art,,,,,the
verse,שׁלישׁי,adjv,,,,,third
verse,ו,conj,,,WayX,CP,and
verse,לבשׁ,verb,qal,wayq,,VP,clothe
verse,אסתר,nmpr,,,,PrNP,Esther
verse,מלכות,subs,,,,NP,kingship
verse,ו,conj,,,Way0,CP,and
verse,עמד,verb,qal,wayq,,VP,stand
verse,ב,prep,,,,PP,in
verse,חצר,subs,,,,,court
verse,בית,subs,,,,,house
verse,ה,art,,,,,the
verse,מלך,subs,,,,,king
verse,ה,art,,,,,the
verse,פנימי,adjv,,,,,inner
verse,נכח,subs,,,,,straightness
verse,בית,subs,,,,,house
verse,ה,art,,,,,the
verse,מלך,subs,,,,,king
verse,ו,conj,,,Ptcp,CP,and
verse,ה,art,,,,NP,the
verse,מלך,subs,,,,,king
verse,ישׁב,verb,qal,ptca,,VP,sit
verse,על,prep,,,,PP,upon
verse,כסא,subs,,,,,seat
verse,מלכות,subs,,,,,kingship
verse,ב,prep,,,,PP,in
verse,בית,subs,,,,,house
verse,ה,art,,,,,the
verse,מלכות,subs,,,,,kingship
verse,נכח,subs,,,,,straightness
verse,פתח,subs,,,,,opening
verse,ה,art,,,,,the
verse,בית,subs,,,,,house
verse,ו,conj,,,Way0,CP,and
verse,היה,verb,qal,wayq,,VP,be
verse,כ,prep,,,InfC,VP,as
verse,ראה,verb,qal,infc,,,see
verse,ה,art,,,,NP,the
verse,מלך,subs,,,,,king
verse,את,prep,,,,PP,<object marker>
verse,אסתר,nmpr,,,,,Esther
verse,ה,art,,,,,the
verse,מלכה,subs,,,,,queen
verse,עמד,verb,qal,ptca,Ptcp,VP,stand
verse,ב,prep,,,,PP,in
verse,ה,art,,,,,the
verse,חצר,subs,,,,,court
verse,נשׂא,verb,qal,perf,ZQt0,VP,lift
verse,חן,subs,,,,NP,grace
verse,ב,prep,,,,PP,in
verse,עין,subs,,,,,eye
verse,ו,conj,,,WayX,CP,and
verse,ישׁט,verb,hif,wayq,,VP,hold
verse,ה,art,,,,NP,the
verse,מלך,subs,,,,,king
verse,ל,prep,,,,PP,to
verse,אסתר,nmpr,,,,,Esther
verse,את,prep,,,,PP,<object marker>
verse,שׁרביט,subs,,,,,staff
verse,ה,art,,,,,the
verse,זהב,subs,,,,,gold
verse,אשׁר,conj,,,NmCl,CP,<relative>
verse,ב,prep,,,,PP,in
verse,יד,subs,,,,,hand
verse,ו,conj,,,WayX,CP,and
verse,קרב,verb,qal,wayq,,VP,approach
verse,אסתר,nmpr,,,,PrNP,Esther
verse,ו,conj,,,Way0,CP,and
verse,נגע,verb,qal,wayq,,VP,touch
verse,ב,prep,,,,PP,in
verse,ראשׁ,subs,,,,,head
verse,ה,art,,,,,the
verse,שׁרביט,subs,,,,,staff
verse,ו,conj,,,WayX,CP,and
verse,אמר,verb,qal,wayq,,VP,say
verse,ל,prep,,,,PP,to
verse,ה,art,,,,NP,the
verse,מלך,subs,,,,,king
verse,ו,conj,,,WayX,CP,and
verse,אמר,verb,qal,wayq,,VP,say
verse,אסתר,nmpr,,,,PrNP,Esther
verse,ו,conj,,,WayX,CP,and
verse,אמר,verb,qal,wayq,,VP,say
verse,ה,art,,,,NP,the
verse,מלך,subs,,,,,king
verse,מהר,verb,piel,impv,ZIm0,VP,hasten
verse,את,prep,,,,PP,<object marker>
verse,המן,nmpr,,,,,Haman
verse,ל,prep,,,InfC,VP,to
verse,עשׂה,verb,qal,infc,,,make
verse,את,prep,,,,PP,<object marker>
verse,דבר,subs,,,,,word
verse,אסתר,nmpr,,,,,Esther
verse,ו,conj,,,WayX,CP,and
verse,בוא,verb,qal,wayq,,VP,come
verse,ה,art,,,,NP,the
verse,מלך,subs,,,,,king
verse,ו,conj,,,,,and
verse,המן,nmpr,,,,,Haman
verse,אל,prep,,,,PP,to
verse,ה,art,,,,,the
verse,משׁתה,subs,,,,,drinking
verse,אשׁר,conj,,,xQtX,CP,<relative>
verse,עשׂה,verb,qal,perf,,VP,make
verse,אסתר,nmpr,,,,PrNP,Esther
verse,ו,conj,,,WayX,CP,and
verse,אמר,verb,qal,wayq,,VP,say
verse,ה,art,,,,NP,the
verse,מלך,subs,,,,,king
verse,ל,prep,,,,PP,to
verse,אסתר,nmpr,,,,,Esther
verse,ב,prep,,,,PP,in
verse,משׁתה,subs,,,,,drinking
verse,ה,art,,,,,the
verse,יין,subs,,,,,wine
verse,ו,conj,,,WayX,CP,and
verse,ענה,verb,qal,wayq,,VP,answer
verse,אסתר,nmpr,,,,PrNP,Esther
verse,ו,conj,,,Way0,CP,and
verse,אמר,verb,qal,wayq,,VP,say
verse,ו,conj,,,WayX,CP,and
verse,יצא,verb,qal,wayq,,VP,go out
verse,המן,nmpr,,,,PrNP,Haman
verse,ב,prep,,,,PP,in
verse,ה,art,,,,,the
verse,יום,subs,,,,,day
verse,ה,art,,,,,the
verse,הוא,prps,,,,,he
verse,שׂמח,adjv,,,,AdjP,joyful
verse,ו,conj,,,,,and
verse,טוב,adjv,,,,,good
verse,לב,subs,,,,,heart
verse,ו,conj,,,InfC,CP,and
verse,כ,prep,,,,VP,as
verse,ראה,verb,qal,infc,,,see
verse,המן,nmpr,,,,PrNP,Haman
verse,את,prep,,,,PP,<object marker>
verse,מרדכי,nmpr,,,,,Mordecai
verse,ב,prep,,,,PP,in
verse,שׁער,subs,,,,,gate
verse,ה,art,,,,,the
verse,מלך,subs,,,,,king
verse,ו,conj,,,WxQ0,CP,and
verse,לא,nega,,,,NegP,not
verse,קום,verb,qal,perf,,VP,arise
verse,ו,conj,,,WxQ0,CP,and
verse,לא,nega,,,,NegP,not
verse,זוע,verb,qal,perf,,VP,tremble
verse,מן,prep,,,,PP,from
verse,ו,conj,,,WayX,CP,and
verse,מלא,verb,nif,wayq,,VP,be full
verse,המן,nmpr,,,,PrNP,Haman
verse,על,prep,,,,PP,upon
verse,מרדכי,nmpr,,,,,Mordecai
verse,חמה,subs,,,,NP,heat
verse,ו,conj,,,WayX,CP,and
verse,אפק,verb,hit,wayq,,VP,be strong
verse,המן,nmpr,,,,PrNP,Haman
verse,ו,conj,,,Way0,CP,and
verse,בוא,verb,qal,wayq,,VP,come
verse,אל,prep,,,,PP,to
verse,בית,subs,,,,,house
verse,ו,conj,,,Way0,CP,and
verse,שׁלח,verb,qal,wayq,,VP,send
verse,ו,conj,,,Way0,CP,and
verse,בוא,verb,hif,wayq,,VP,come
verse,את,prep,,,,PP,<object marker>
verse,אהב,verb,qal,ptca,,,love
verse,ו,conj,,,,,and
verse,את,prep,,,,,<object marker>
verse,זרשׁ,nmpr,,,,,Zeresh
verse,אשׁה,subs,,,,,woman
verse,ו,conj,,,WayX,CP,and
verse,ספר,verb,piel,wayq,,VP,count
verse,ל,prep,,,,PP,to
verse,המן,nmpr,,,,PrNP,Haman
verse,את,prep,,,,PP,<object marker>
verse,כבוד,subs,,,,,weight
verse,עשׁר,subs,,,,,riches
verse,ו,conj,,,,,and
verse,רב,subs,,,,,multitude
verse,בן,subs,,,,,son
verse,ו,conj,,,,,and
verse,את,prep,,,,,<object marker>
verse,כל,subs,,,,,whole
verse,אשׁר,conj,,,xQtX,CP,<relative>
verse,גדל,verb,piel,perf,,VP,be strong
verse,ה,art,,,,NP,the
verse,מלך,subs,,,,,king
verse,ו,conj,,,WxQ0,CP,and
verse,את,prep,,,,CP,<object marker>
verse,אשׁר,conj,,,,,<relative>
verse,נשׂא,verb,piel,perf,,VP,lift
verse,על,prep,,,,PP,upon
verse,ה,art,,,,,the
verse,שׂר,subs,,,,,chief
verse,ו,conj,,,,,and
verse,עבד,subs,,,,,servant
verse,ה,art,,,,,the
verse,מלך,subs,,,,,king
verse,ו,conj,,,WayX,CP,and
verse,אמר,verb,qal,wayq,,VP,say
verse,המן,nmpr,,,,PrNP,Haman
verse,ו,conj,,,CPen,CP,and
verse,כל,subs,,,,NP,whole
verse,זה,prde,,,,,this
verse,אין,subs,,,Ptcp,NegP,<NEG>
verse,שׁוה,verb,qal,ptca,,VP,be like
verse,ל,prep,,,,PP,to
verse,ב,prep,,,,PP,in
verse,כל,subs,,,,,whole
verse,עת,subs,,,,,time
verse,אשׁר,conj,,,Ptcp,CP,<relative>
verse,אני,prps,,,,PPrP,i
verse,ראה,verb,qal,ptca,,VP,see
verse,את,prep,,,,PP,<object marker>
verse,מרדכי,nmpr,,,,,Mordecai
verse,ה,art,,,,,the
verse,יהודי,adjv,,,,,Jewish
verse,ישׁב,verb,qal,ptca,Ptcp,VP,sit
verse,ב,prep,,,,PP,in
verse,שׁער,subs,,,,,gate
verse,ה,art,,,,,the
verse,מלך,subs,,,,,king
verse,ו,conj,,,WayX,CP,and
verse,אמר,verb,qal,wayq,,VP,say
verse,ל,prep,,,,PP,to
verse,זרשׁ,nmpr,,,,PrNP,Zeresh
verse,אשׁה,subs,,,,,woman
verse,ו,conj,,,,,and
verse,כל,subs,,,,,whole
verse,אהב,verb,qal,ptca,,,love
verse,ו,conj,,,WayX,CP,and
verse,יטב,verb,qal,wayq,,VP,be good
verse,ה,art,,,,NP,the
verse,דבר,subs,,,,,word
verse,ל,prep,,,,PP,to
verse,פנה,subs,,,,,face
verse,המן,nmpr,,,,,Haman
verse,ו,conj,,,Way0,CP,and
verse,עשׂה,verb,qal,wayq,,VP,make
verse,ה,art,,,,NP,the
verse,עץ,subs,,,,,tree
verse,ב,prep,,,xQtX,PP,in
verse,ה,art,,,,,the
verse,לילה,subs,,,,,night
verse,ה,art,,,,,the
verse,הוא,prps,,,,,he
verse,נדד,verb,qal,perf,,VP,flee
verse,שׁנה,subs,,,,NP,sleep
verse,ה,art,,,,,the
verse,מלך,subs,,,,,king
verse,ו,conj,,,Way0,CP,and
verse,אמר,verb,qal,wayq,,VP,say
verse,ל,prep,,,InfC,VP,to
verse,בוא,verb,hif,infc,,,come
verse,את,prep,,,,PP,<object marker>
verse,ספר,subs,,,,,letter
verse,ה,art,,,,,the
verse,זכרון,subs,,,,,remembrance
verse,דבר,subs,,,,,word
verse,ה,art,,,,,the
verse,יום,subs,,,,,day
verse,ו,conj,,,Way0,CP,and
verse,היה,verb,qal,wayq,,VP,be
verse,קרא,verb,nif,ptca,,VP,call
verse,ל,prep,,,,PP,to
verse,פנה,subs,,,,,face
verse,ה,art,,,,,the
verse,מלך,subs,,,,,king
verse,ו,conj,,,WayX,CP,and
verse,אמר,verb,qal,wayq,,VP,say
verse,ה,art,,,,NP,the
verse,מלך,subs,,,,,king
verse,ו,conj,,,WayX,CP,and
verse,אמר,verb,qal,wayq,,VP,say
verse,נער,subs,,,,NP,boy
verse,ה,art,,,,,the
verse,מלך,subs,,,,,king
verse,שׁרת,verb,piel,ptca,,,serve
verse,ו,conj,,,WayX,CP,and
verse,אמר,verb,qal,wayq,,VP,say
verse,ה,art,,,,NP,the
verse,מלך,subs,,,,,king
verse,ו,conj,,,WXQt,CP,and
verse,המן,nmpr,,,,PrNP,Haman
verse,בוא,verb,qal,perf,,VP,come
verse,ל,prep,,,,PP,to
verse,חצר,subs,,,,,court
verse,בית,subs,,,,,house
verse,ה,art,,,,,the
verse,מלך,subs,,,,,king
verse,ה,art,,,,,the
verse,חיצון,adjv,,,,,external
verse,ל,prep,,,InfC,VP,to
verse,אמר,verb,qal,infc,,,say
verse,ל,prep,,,,PP,to
verse,ה,art,,,,,the
verse,מלך,subs,,,,,king
verse,ל,prep,,,InfC,VP,to
verse,תלה,verb,qal,infc,,,hang
verse,את,prep,,,,PP,<object marker>
verse,מרדכי,nmpr,,,,,Mordecai
verse,על,prep,,,,PP,upon
verse,ה,art,,,,,the
verse,עץ,subs,,,,,tree
verse,אשׁר,conj,,,xQt0,CP,<relative>
verse,כון,verb,hif,perf,,VP,be firm
verse,ל,prep,,,,PP,to
verse,ו,conj,,,WayX,CP,and
verse,אמר,verb,qal,wayq,,VP,say
verse,נער,subs,,,,NP,boy
verse,ה,art,,,,,the
verse,מלך,subs,,,,,king
verse,אל,prep,,,,PP,to
verse,ו,conj,,,WayX,CP,and
verse,אמר,verb,qal,wayq,,VP,say
verse,ה,art,,,,NP,the
verse,מלך,subs,,,,,king
verse,ו,conj,,,WayX,CP,and
verse,בוא,verb,qal,wayq,,VP,come
verse,המן,nmpr,,,,PrNP,Haman
verse,ו,conj,,,WayX,CP,and
verse,אמר,verb,qal,wayq,,VP,say
verse,ל,prep,,,,PP,to
verse,ה,art,,,,NP,the
verse,מלך,subs,,,,,king
verse,ו,conj,,,WayX,CP,and
verse,אמר,verb,qal,wayq,,VP,say
verse,המן,nmpr,,,,PrNP,Haman
verse,ב,prep,,,,PP,in
verse,לב,subs,,,,,heart
verse,ו,conj,,,WayX,CP,and
verse,אמר,verb,qal,wayq,,VP,say
verse,המן,nmpr,,,,PrNP,Haman
verse,אל,prep,,,,PP,to
verse,ה,art,,,,,the
verse,מלך,subs,,,,,king
verse,ו,conj,,,WayX,CP,and
verse,אמר,verb,qal,wayq,,VP,say
verse,ה,art,,,,NP,the
verse,מלך,subs,,,,,king
verse,ל,prep,,,,PP,to
verse,המן,nmpr,,,,,Haman
verse,ו,conj,,,WayX,CP,and
verse,לקח,verb,qal,wayq,,VP,take
verse,המן,nmpr,,,,PrNP,Haman
verse,את,prep,,,,PP,<object marker>
verse,ה,art,,,,,the
verse,לבושׁ,subs,,,,,clothing
verse,ו,conj,,,,,and
verse,את,prep,,,,,<object marker>
verse,ה,art,,,,,the
verse,סוס,subs,,,,,horse
verse,ו,conj,,,Way0,CP,and
verse,לבשׁ,verb,hif,wayq,,VP,clothe
verse,את,prep,,,,PP,<object marker>
verse,מרדכי,nmpr,,,,,Mordecai
verse,ו,conj,,,Way0,CP,and
verse,רכב,verb,hif,wayq,,VP,ride
verse,ב,prep,,,,PP,in
verse,רחב,subs,,,,,open place
verse,ה,art,,,,,the
verse,עיר,subs,,,,,town
verse,ו,conj,,,Way0,CP,and
verse,קרא,verb,qal,wayq,,VP,call
verse,ל,prep,,,,PP,to
verse,פנה,subs,,,,,face
verse,ו,conj,,,WayX,CP,and
verse,שׁוב,verb,qal,wayq,,VP,return
verse,מרדכי,nmpr,,,,PrNP,Mordecai
verse,אל,prep,,,,PP,to
verse,שׁער,subs,,,,,gate
verse,ה,art,,,,,the
verse,מלך,subs,,,,,king
verse,ו,conj,,,WXQt,CP,and
verse,המן,nmpr,,,,PrNP,Haman
verse,דחף,verb,nif,perf,,VP,hurry
verse,אל,prep,,,,PP,to
verse,בית,subs,,,,,house
verse,אבל,adjv,,,,AdjP,mourning
verse,ו,conj,,,,,and
verse,חפה,verb,qal,ptcp,,,cover
verse,ראשׁ,subs,,,,,head
verse,ו,conj,,,WayX,CP,and
verse,ספר,verb,piel,wayq,,VP,count
verse,המן,nmpr,,,,PrNP,Haman
verse,ל,prep,,,,PP,to
verse,זרשׁ,nmpr,,,,,Zeresh
verse,אשׁה,subs,,,,,woman
verse,ו,conj,,,,,and
verse,ל,prep,,,,,to
verse,כל,subs,,,,,whole
verse,אהב,verb,qal,ptca,,,love
verse,את,prep,,,,PP,<object marker>
verse,כל,subs,,,,,whole
verse,אשׁר,conj,,,xQt0,CP,<relative>
verse,קרה,verb,qal,perf,,VP,meet
verse,ו,conj,,,WayX,CP,and
verse,אמר,verb,qal,wayq,,VP,say
verse,ל,prep,,,,PP,to
verse,חכם,adjv,,,,NP,wise
verse,ו,conj,,,,,and
verse,זרשׁ,nmpr,,,,,Zeresh
verse,אשׁה,subs,,,,,woman
verse,עוד,subs,,,Ptcp,AdvP,duration
verse,דבר,verb,piel,ptca,,VP,speak
verse,עם,prep,,,,PP,with
verse,ו,conj,,,WXQt,CP,and
verse,סריס,subs,,,,NP,official
verse,ה,art,,,,,the
verse,מלך,subs,,,,,king
verse,נגע,verb,hif,perf,,VP,touch
verse,ו,conj,,,Way0,CP,and
verse,בהל,verb,hif,wayq,,VP,disturb
verse,ל,prep,,,InfC,VP,to
verse,בוא,verb,hif,infc,,,come
verse,את,prep,,,,PP,<object marker>
verse,המן,nmpr,,,,,Haman
verse,אל,prep,,,,PP,to
verse,ה,art,,,,,the
verse,משׁתה,subs,,,,,drinking
verse,אשׁר,conj,,,xQtX,CP,<relative>
verse,עשׂה,verb,qal,perf,,VP,make
verse,אסתר,nmpr,,,,PrNP,Esther
verse,ו,conj,,,WayX,CP,and
verse,בוא,verb,qal,wayq,,VP,come
verse,ה,art,,,,NP,the
verse,מלך,subs,,,,,king
verse,ו,conj,,,,,and
verse,המן,nmpr,,,,,Haman
verse,ל,prep,,,InfC,VP,to
verse,שׁתה,verb,qal,infc,,,drink
verse,עם,prep,,,,PP,with
verse,אסתר,nmpr,,,,,Esther
verse,ה,art,,,,,the
verse,מלכה,subs,,,,,queen
verse,ו,conj,,,WayX,CP,and
verse,אמר,verb,qal,wayq,,VP,say
verse,ה,art,,,,NP,the
verse,מלך,subs,,,,,king
verse,ל,prep,,,,PP,to
verse,אסתר,nmpr,,,,,Esther
verse,גם,advb,,,,PP,even
verse,ב,prep,,,,,in
verse,ה,art,,,,,the
verse,יום,subs,,,,,day
verse,ה,art,,,,,the
verse,שׁני,adjv,,,,,second
verse,ב,prep,,,,PP,in
verse,משׁתה,subs,,,,,drinking
verse,ה,art,,,,,the
verse,יין,subs,,,,,wine
verse,ו,conj,,,WayX,CP,and
verse,ענה,verb,qal,wayq,,VP,answer
verse,אסתר,nmpr,,,,PrNP,Esther
verse,ה,art,,,,,the
verse,מלכה,subs,,,,,queen
verse,ו,conj,,,Way0,CP,and
verse,אמר,verb,qal,wayq,,VP,say
verse,ו,conj,,,WayX,CP,and
verse,אמר,verb,qal,wayq,,VP,say
verse,ה,art,,,,NP,the
verse,מלך,subs,,,,,king
verse,אחשׁורושׁ,nmpr,,,,,Ahasuerus
verse,ו,conj,,,Way0,CP,and
verse,אמר,verb,qal,wayq,,VP,say
verse,ל,prep,,,,PP,to
verse,אסתר,nmpr,,,,,Esther
verse,ה,art,,,,,the
verse,מלכה,subs,,,,,queen
verse,ו,conj,,,WayX,CP,and
verse,אמר,verb,qal,wayq,,VP,say
verse,אסתר,nmpr,,,,PrNP,Esther
verse,ו,conj,,,WXQt,CP,and
verse,המן,nmpr,,,,PrNP,Haman
verse,בעת,verb,nif,perf,,VP,terrify
verse,מן,prep,,,,PP,from
verse,ל,prep,,,,,to
verse,פנה,subs,,,,,face
verse,ה,art,,,,,the
verse,מלך,subs,,,,,king
verse,ו,conj,,,,,and
verse,ה,art,,,,,the
verse,מלכה,subs,,,,,queen
verse,ו,conj,,,WXQt,CP,and
verse,ה,art,,,,NP,the
verse,מלך,subs,,,,,king
verse,קום,verb,qal,perf,,VP,arise
verse,ב,prep,,,,PP,in
verse,חמה,subs,,,,,heat
verse,מן,prep,,,,PP,from
verse,משׁתה,subs,,,,,drinking
verse,ה,art,,,,,the
verse,יין,subs,,,,,wine
verse,אל,prep,,,,PP,to
verse,גנה,subs,,,,,garden
verse,ה,art,,,,,the
verse,ביתן,subs,,,,,palace
verse,ו,conj,,,WXQt,CP,and
verse,המן,nmpr,,,,PrNP,Haman
verse,עמד,verb,qal,perf,,VP,stand
verse,ל,prep,,,InfC,VP,to
verse,בקשׁ,verb,piel,infc,,,seek
verse,על,prep,,,,PP,upon
verse,נפשׁ,subs,,,,,soul
verse,מן,prep,,,,PP,from
verse,אסתר,nmpr,,,,,Esther
verse,ה,art,,,,,the
verse,מלכה,subs,,,,,queen
verse,כי,conj,,,xQt0,CP,that
verse,ראה,verb,qal,perf,,VP,see
verse,כי,conj,,,xQtX,CP,that
verse,כלה,verb,qal,perf,,VP,be complete
verse,אל,prep,,,,PP,to
verse,ה,art,,,,NP,the
verse,רעה,subs,,,,,evil
verse,מן,prep,,,,PP,from
verse,את,prep,,,,,together with
verse,ה,art,,,,,the
verse,מלך,subs,,,,,king
verse,ו,conj,,,WXQt,CP,and
verse,ה,art,,,,NP,the
verse,מלך,subs,,,,,king
verse,שׁוב,verb,qal,perf,,VP,return
verse,מן,prep,,,,PP,from
verse,גנה,subs,,,,,garden
verse,ה,art,,,,,the
verse,ביתן,subs,,,,,palace
verse,אל,prep,,,,PP,to
verse,בית,subs,,,,,house
verse,משׁתה,subs,,,,,drinking
verse,ה,art,,,,,the
verse,יין,subs,,,,,wine
verse,ו,conj,,,Ptcp,CP,and
verse,המן,nmpr,,,,PrNP,Haman
verse,נפל,verb,qal,ptca,,VP,fall
verse,על,prep,,,,PP,upon
verse,ה,art,,,,,the
verse,מטה,subs,,,,,couch
verse,אשׁר,conj,,,NmCl,CP,<relative>
verse,אסתר,nmpr,,,,PrNP,Esther
verse,על,prep,,,,PP,upon
verse,ו,conj,,,WayX,CP,and
verse,אמר,verb,qal,wayq,,VP,say
verse,ה,art,,,,NP,the
verse,מלך,subs,,,,,king
verse,ה,art,,,XQtl,NP,the
verse,דבר,subs,,,,,word
verse,יצא,verb,qal,perf,,VP,go out
verse,מן,prep,,,,PP,from
verse,פה,subs,,,,,mouth
verse,ה,art,,,,,the
verse,מלך,subs,,,,,king
verse,ו,conj,,,WxQ0,CP,and
verse,פנה,subs,,,,NP,face
verse,המן,nmpr,,,,,Haman
verse,חפה,verb,qal,perf,,VP,cover
verse,ו,conj,,,WayX,CP,and
verse,אמר,verb,qal,wayq,,VP,say
verse,חרבונה,nmpr,,,,PrNP,Harbona
verse,אחד,subs,,,,,one
verse,מן,prep,,,,,from
verse,ה,art,,,,,the
verse,סריס,subs,,,,,official
verse,ל,prep,,,,,to
verse,פנה,subs,,,,,face
verse,ה,art,,,,,the
verse,מלך,subs,,,,,king
verse,ו,conj,,,WayX,CP,and
verse,אמר,verb,qal,wayq,,VP,say
verse,ה,art,,,,NP,the
verse,מלך,subs,,,,,king
verse,ו,conj,,,Way0,CP,and
verse,תלה,verb,qal,wayq,,VP,hang
verse,את,prep,,,,PP,<object marker>
verse,המן,nmpr,,,,,Haman
verse,על,prep,,,,PP,upon
verse,ה,art,,,,,the
verse,עץ,subs,,,,,tree
verse,אשׁר,conj,,,xQt0,CP,<relative>
verse,כון,verb,hif,perf,,VP,be firm
verse,ל,prep,,,,PP,to
verse,מרדכי,nmpr,,,,,Mordecai
verse,ו,conj,,,WXQt,CP,and
verse,חמה,subs,,,,NP,heat
verse,ה,art,,,,,the
verse,מלך,subs,,,,,king
verse,שׁכך,verb,qal,perf,,VP,go down
verse,ב,prep,,,xQtX,PP,in
verse,ה,art,,,,,the
verse,יום,subs,,,,,day
verse,ה,art,,,,,the
verse,הוא,prps,,,,,he
verse,נתן,verb,qal,perf,,VP,give
verse,ה,art,,,,NP,the
verse,מלך,subs,,,,,king
verse,אחשׁורושׁ,nmpr,,,,,Ahasuerus
verse,ל,prep,,,,PP,to
verse,אסתר,nmpr,,,,,Esther
verse,ה,art,,,,,the
verse,מלכה,subs,,,,,queen
verse,את,prep,,,,PP,<object marker>
verse,בית,subs,,,,,house
verse,המן,nmpr,,,,,Haman
verse,צרר,verb,qal,ptca,,,be hostile
verse,ה,art,,,,,the
verse,יהודי,adjv,,,,,Jewish
verse,ו,conj,,,WXQt,CP,and
verse,מרדכי,nmpr,,,,PrNP,Mordecai
verse,בוא,verb,qal,perf,,VP,come
verse,ל,prep,,,,PP,to
verse,פנה,subs,,,,,face
verse,ה,art,,,,,the
verse,מלך,subs,,,,,king
verse,כי,conj,,,xQtX,CP,that
verse,נגד,verb,hif,perf,,VP,report
verse,אסתר,nmpr,,,,PrNP,Esther
verse,מה,prin,,,NmCl,IPrP,what
verse,הוא,prps,,,,PPrP,he
verse,ל,prep,,,,PP,to
verse,ו,conj,,,WayX,CP,and
verse,סור,verb,hif,wayq,,VP,turn aside
verse,ה,art,,,,NP,the
verse,מלך,subs,,,,,king
verse,את,prep,,,,PP,<object marker>
verse,טבעת,subs,,,,,sealing ring
verse,אשׁר,conj,,,xQt0,CP,<relative>
verse,עבר,verb,hif,perf,,VP,pass
verse,מן,prep,,,,PP,from
verse,המן,nmpr,,,,,Haman
verse,ו,conj,,,Way0,CP,and
verse,נתן,verb,qal,wayq,,VP,give
verse,ל,prep,,,,PP,to
verse,מרדכי,nmpr,,,,,Mordecai
verse,ו,conj,,,WayX,CP,and
verse,שׂים,verb,qal,wayq,,VP,put
verse,אסתר,nmpr,,,,PrNP,Esther
verse,את,prep,,,,PP,<object marker>
verse,מרדכי,nmpr,,,,,Mordecai
verse,על,prep,,,,PP,upon
verse,בית,subs,,,,,house
verse,המן,nmpr,,,,,Haman
verse,ו,conj,,,WayX,CP,and
verse,יסף,verb,hif,wayq,,VP,add
verse,אסתר,nmpr,,,,PrNP,Esther
verse,ו,conj,,,Way0,CP,and
verse,דבר,verb,piel,wayq,,VP,speak
verse,ל,prep,,,,PP,to
verse,פנה,subs,,,,,face
verse,ה,art,,,,,the
verse,מלך,subs,,,,,king
verse,ו,conj,,,Way0,CP,and
verse,נפל,verb,qal,wayq,,VP,fall
verse,ל,prep,,,,PP,to
verse,פנה,subs,,,,,face
verse,רגל,subs,,,,,foot
verse,ו,conj,,,Way0,CP,and
verse,בכה,verb,qal,wayq,,VP,weep
verse,ו,conj,,,Way0,CP,and
verse,חנן,verb,hit,wayq,,VP,favour
verse,ל,prep,,,,PP,to
verse,ל,prep,,,InfC,VP,to
verse,עבר,verb,hif,infc,,,pass
verse,את,prep,,,,PP,<object marker>
verse,רעה,subs,,,,,evil
verse,המן,nmpr,,,,,Haman
verse,ה,art,,,,,the
verse,אגגי,adjv,,,,,Agagite
verse,ו,conj,,,,,and
verse,את,prep,,,,,<object marker>
verse,מחשׁבת,subs,,,,,plan
verse,אשׁר,conj,,,xQt0,CP,<relative>
verse,חשׁב,verb,qal,perf,,VP,account
verse,על,prep,,,,PP,upon
verse,ה,art,,,,,the
verse,יהודי,adjv,,,,,Jewish
verse,ו,conj,,,WayX,CP,and
verse,ישׁט,verb,hif,wayq,,VP,hold
verse,ה,art,,,,NP,the
verse,מלך,subs,,,,,king
verse,ל,prep,,,,PP,to
verse,אסתר,nmpr,,,,,Esther
verse,את,prep,,,,PP,<object marker>
verse,שׁרביט,subs,,,,,staff
verse,ה,art,,,,,the
verse,זהב,subs,,,,,gold
verse,ו,conj,,,WayX,CP,and
verse,קום,verb,qal,wayq,,VP,arise
verse,אסתר,nmpr,,,,PrNP,Esther
verse,ו,conj,,,Way0,CP,and
verse,עמד,verb,qal,wayq,,VP,stand
verse,ל,prep,,,,PP,to
verse,פנה,subs,,,,,face
verse,ה,art,,,,,the
verse,מלך,subs,,,,,king
verse,ו,conj,,,Way0,CP,and
verse,אמר,verb,qal,wayq,,VP,say
verse,ו,conj,,,WayX,CP,and
verse,אמר,verb,qal,wayq,,VP,say
verse,ה,art,,,,NP,the
verse,מלך,subs,,,,,king
verse,אחשׁורושׁ,nmpr,,,,,Ahasuerus
verse,ל,prep,,,,PP,to
verse,אסתר,nmpr,,,,,Esther
verse,ה,art,,,,,the
verse,מלכה,subs,,,,,queen
verse,ו,conj,,,,,and
verse,ל,prep,,,,,to
verse,מרדכי,nmpr,,,,,Mordecai
verse,ה,art,,,,,the
verse,יהודי,adjv,,,,,Jewish
verse,ו,conj,,,WayX,CP,and
verse,קרא,verb,nif,wayq,,VP,call
verse,ספר,subs,,,,NP,scribe
verse,ה,art,,,,,the
verse,מלך,subs,,,,,king
verse,ב,prep,,,,PP,in
verse,ה,art,,,,,the
verse,עת,subs,,,,,time
verse,ה,art,,,,,the
verse,היא,prps,,,,,she
verse,ב,prep,,,,PP,in
verse,ה,art,,,,,the
verse,חדשׁ,subs,,,,,month
verse,ה,art,,,,,the
verse,שׁלישׁי,adjv,,,,,third
verse,ב,prep,,,,PP,in
verse,שׁלשׁ,subs,,,,,three
verse,ו,conj,,,,,and
verse,עשׂרים,subs,,,,,twenty
verse,ב,prep,,,,,in
verse,הוא,prps,,,NmCl,PPrP,he
verse,חדשׁ,subs,,,,NP,month
verse,סיון,nmpr,,,,,Siwan
verse,ו,conj,,,Way0,CP,and
verse,כתב,verb,nif,wayq,,VP,write
verse,כ,prep,,,,PP,as
verse,כל,subs,,,,,whole
verse,אשׁר,conj,,,xQtX,CP,<relative>
verse,צוה,verb,piel,perf,,VP,command
verse,מרדכי,nmpr,,,,PrNP,Mordecai
verse,אל,prep,,,Way0,PP,to
verse,ה,art,,,,,the
verse,יהודי,adjv,,,,,Jewish
verse,ו,conj,,,,,and
verse,אל,prep,,,,,to
verse,ה,art,,,,,the
verse,אחשׁדרפן,subs,,,,,satrap
verse,ו,conj,,,,,and
verse,ה,art,,,,,the
verse,פחה,subs,,,,,governor
verse,ו,conj,,,,,and
verse,שׂר,subs,,,,,chief
verse,ה,art,,,,,the
verse,מדינה,subs,,,,,district
verse,אשׁר,conj,,,NmCl,CP,<relative>
verse,מן,prep,,,,PP,from
verse,הדו,nmpr,,,,,India
verse,ו,conj,,,,,and
verse,עד,prep,,,,,unto
verse,כושׁ,nmpr,,,,,Cush
verse,שׁבע,subs,,,Way0,PP,seven
verse,ו,conj,,,,,and
verse,עשׂרים,subs,,,,,twenty
verse,ו,conj,,,,,and
verse,מאה,subs,,,,,hundred
verse,מדינה,subs,,,,,district
verse,מדינה,subs,,,Ellp,NP,district
verse,ו,conj,,,,,and
verse,מדינה,subs,,,,,district
verse,כ,prep,,,,PP,as
verse,כתב,subs,,,,,writing
verse,ו,conj,,,Ellp,CP,and
verse,עם,subs,,,,NP,people
verse,ו,conj,,,,,and
verse,עם,subs,,,,,people
verse,כ,prep,,,,PP,as
verse,לשׁון,subs,,,,,tongue
verse,ו,conj,,,Ellp,CP,and
verse,אל,prep,,,,PP,to
verse,ה,art,,,,,the
verse,יהודי,adjv,,,,,Jewish
verse,כ,prep,,,,PP,as
verse,כתב,subs,,,,,writing
verse,ו,conj,,,,,and
verse,כ,prep,,,,,as
verse,לשׁון,subs,,,,,tongue
verse,ו,conj,,,Way0,CP,and
verse,חתם,verb,qal,wayq,,VP,seal
verse,ב,prep,,,,PP,in
verse,טבעת,subs,,,,,sealing ring
verse,ה,art,,,,,the
verse,מלך,subs,,,,,king
verse,ו,conj,,,Way0,CP,and
verse,שׁלח,verb,qal,wayq,,VP,send
verse,ספר,subs,,,,NP,letter
verse,ב,prep,,,,PP,in
verse,יד,subs,,,,,hand
verse,ה,art,,,,,the
verse,רוץ,verb,qal,ptca,,,run
verse,ב,prep,,,,,in
verse,ה,art,,,,,the
verse,סוס,subs,,,,,horse
verse,רכב,verb,qal,ptca,Ptcp,VP,ride
verse,ה,art,,,,NP,the
verse,רכשׁ,subs,,,,,span
verse,ה,art,,,,,the
verse,אחשׁתרן,adjv,,,,,royal
verse,בן,subs,,,,,son
verse,ה,art,,,,,the
verse,רמכה,subs,,,,,mare
verse,הוא,prps,,,NmCl,PPrP,he
verse,חדשׁ,subs,,,,NP,month
verse,אדר,nmpr,,,,,Adar
verse,פתשׁגן,subs,,,Ptcp,NP,copy
verse,ה,art,,,,,the
verse,כתב,subs,,,,,writing
verse,ל,prep,,,InfC,VP,to
verse,נתן,verb,nif,infc,,,give
verse,דת,subs,,,,NP,orders
verse,ב,prep,,,,PP,in
verse,כל,subs,,,,,whole
verse,מדינה,subs,,,,,district
verse,ו,conj,,,,,and
verse,מדינה,subs,,,,,district
verse,גלה,verb,qal,ptcp,Ptcp,VP,uncover
verse,ל,prep,,,,PP,to
verse,כל,subs,,,,,whole
verse,ה,art,,,,,the
verse,עם,subs,,,,,people
verse,ו,conj,,,InfC,CP,and
verse,ל,prep,,,,VP,to
verse,היה,verb,qal,infc,,,be
verse,ה,art,,,,NP,the
verse,יהודי,adjv,,,,,Jewish
verse,עתיד,adjv,,,,AdjP,ready
verse,ל,prep,,,,PP,to
verse,ה,art,,,,,the
verse,יום,subs,,,,,day
verse,ה,art,,,,,the
verse,זה,prde,,,,,this
verse,ל,prep,,,InfC,VP,to
verse,נקם,verb,nif,infc,,,avenge
verse,מן,prep,,,,PP,from
verse,איב,verb,qal,ptca,,,be hostile
verse,ה,art,,,XQtl,NP,the
verse,רוץ,verb,qal,ptca,,,run
verse,רכב,verb,qal,ptca,,,ride
verse,ה,art,,,,,the
verse,רכשׁ,subs,,,,,span
verse,ה,art,,,,,the
verse,אחשׁתרן,adjv,,,,,royal
verse,יצא,verb,qal,perf,,VP,go out
verse,בהל,verb,pual,ptcp,AjCl,AdjP,disturb
verse,ו,conj,,,,,and
verse,דחף,verb,qal,ptcp,,,hurry
verse,ב,prep,,,,PP,in
verse,דבר,subs,,,,,word
verse,ה,art,,,,,the
verse,מלך,subs,,,,,king
verse,ו,conj,,,WXQt,CP,and
verse,ה,art,,,,NP,the
verse,דת,subs,,,,,orders
verse,נתן,verb,nif,perf,,VP,give
verse,ב,prep,,,,PP,in
verse,שׁושׁן,nmpr,,,,,Susa
verse,ה,art,,,,,the
verse,בירה,subs,,,,,citadel
verse,ו,conj,,,WXQt,CP,and
verse,מרדכי,nmpr,,,,PrNP,Mordecai
verse,יצא,verb,qal,perf,,VP,go out
verse,מן,prep,,,,PP,from
verse,ל,prep,,,,,to
verse,פנה,subs,,,,,face
verse,ה,art,,,,,the
verse,מלך,subs,,,,,king
verse,ב,prep,,,,PP,in
verse,לבושׁ,subs,,,,,clothing
verse,מלכות,subs,,,,,kingship
verse,תכלת,subs,,,,,purple wool
verse,ו,conj,,,,,and
verse,חור,subs,,,,,linen
verse,ו,conj,,,,,and
verse,עטרת,subs,,,,,wreath
verse,זהב,subs,,,,,gold
verse,גדול,adjv,,,,,great
verse,ו,conj,,,,,and
verse,תכריך,subs,,,,,robe
verse,בוץ,subs,,,,,byssus cloth
verse,ו,conj,,,,,and
verse,ארגמן,subs,,,,,purple-wool
verse,ו,conj,,,WXQt,CP,and
verse,ה,art,,,,NP,the
verse,עיר,subs,,,,,town
verse,שׁושׁן,nmpr,,,,,Susa
verse,צהל,verb,qal,perf,,VP,cry
verse,ו,conj,,,WQt0,CP,and
verse,שׂמח,verb,qal,perf,,VP,rejoice
verse,ל,prep,,,xQtX,PP,to
verse,ה,art,,,,,the
verse,יהודי,adjv,,,,,Jewish
verse,היה,verb,qal,perf,,VP,be
verse,אורה,subs,,,,NP,light
verse,ו,conj,,,,,and
verse,שׂמחה,subs,,,,,joy
verse,ו,conj,,,,,and
verse,שׂשׂון,subs,,,,,rejoicing
verse,ו,conj,,,,,and
verse,יקר,subs,,,,,preciousness
verse,ו,conj,,,NmCl,CP,and
verse,ב,prep,,,,PP,in
verse,כל,subs,,,,,whole
verse,מדינה,subs,,,,,district
verse,ו,conj,,,,,and
verse,מדינה,subs,,,,,district
verse,ו,conj,,,,,and
verse,ב,prep,,,,,in
verse,כל,subs,,,,,whole
verse,עיר,subs,,,,,town
verse,ו,conj,,,,,and
verse,עיר,subs,,,,,town
verse,מקום,subs,,,,,place
verse,אשׁר,conj,,,Ptcp,CP,<relative>
verse,דבר,subs,,,,NP,word
verse,ה,art,,,,,the
verse,מלך,subs,,,,,king
verse,ו,conj,,,,,and
verse,דת,subs,,,,,orders
verse,נגע,verb,hif,ptca,,VP,touch
verse,שׂמחה,subs,,,NmCl,NP,joy
verse,ו,conj,,,,,and
verse,שׂשׂון,subs,,,,,rejoicing
verse,ל,prep,,,,PP,to
verse,ה,art,,,,,the
verse,יהודי,adjv,,,,,Jewish
verse,משׁתה,subs,,,Ellp,NP,drinking
verse,ו,conj,,,,,and
verse,יום,subs,,,,,day
verse,טוב,adjv,,,,,good
verse,ו,conj,,,Ptcp,CP,and
verse,רב,adjv,,,,NP,much
verse,מן,prep,,,,,from
verse,עם,subs,,,,,people
verse,ה,art,,,,,the
verse,ארץ,subs,,,,,earth
verse,יהד,verb,hit,ptca,,VP,be a Jew
verse,כי,conj,,,xQtX,CP,that
verse,נפל,verb,qal,perf,,VP,fall
verse,פחד,subs,,,,NP,trembling
verse,ה,art,,,,,the
verse,יהודי,adjv,,,,,Jewish
verse,על,prep,,,,PP,upon
verse,ו,conj,,,WxQX,CP,and
verse,ב,prep,,,,PP,in
verse,שׁנים,subs,,,,,two
verse,עשׂר,subs,,,,,-teen
verse,חדשׁ,subs,,,,,month
verse,ב,prep,,,,PP,in
verse,שׁלשׁ,subs,,,,,three
verse,עשׂר,subs,,,,,-teen
verse,יום,subs,,,,,day
verse,ב,prep,,,,,in
verse,אשׁר,conj,,,xQtX,CP,<relative>
verse,נגע,verb,hif,perf,,VP,touch
verse,דבר,subs,,,,NP,word
verse,ה,art,,,,,the
verse,מלך,subs,,,,,king
verse,ו,conj,,,,,and
verse,דת,subs,,,,,orders
verse,ל,prep,,,InfC,VP,to
verse,עשׂה,verb,nif,infc,,,make
verse,ב,prep,,,WxQX,PP,in
verse,ה,art,,,,,the
verse,יום,subs,,,,,day
verse,אשׁר,conj,,,xQtX,CP,<relative>
verse,שׂבר,verb,piel,perf,,VP,examine
verse,איב,verb,qal,ptca,,NP,be hostile
verse,ה,art,,,,,the
verse,יהודי,adjv,,,,,Jewish
verse,ל,prep,,,InfC,VP,to
verse,שׁלט,verb,qal,infc,,,dominate
verse,ב,prep,,,,PP,in
verse,ו,conj,,,InfA,CP,and
verse,הפך,verb,nif,infa,,VP,turn
verse,הוא,prps,,,,PPrP,he
verse,אשׁר,conj,,,xYqX,CP,<relative>
verse,שׁלט,verb,qal,impf,,VP,dominate
verse,ה,art,,,,NP,the
verse,יהודי,adjv,,,,,Jewish
verse,המה,prps,,,,,they
verse,ב,prep,,,,PP,in
verse,שׂנא,verb,qal,ptca,,,hate
verse,קהל,verb,nif,perf,WxQX,VP,assemble
verse,ה,art,,,,NP,the
verse,יהודי,adjv,,,,,Jewish
verse,ב,prep,,,,PP,in
verse,עיר,subs,,,,,town
verse,ב,prep,,,,,in
verse,כל,subs,,,,,whole
verse,מדינה,subs,,,,,district
verse,ה,art,,,,,the
verse,מלך,subs,,,,,king
verse,אחשׁורושׁ,nmpr,,,,,Ahasuerus
verse,ל,prep,,,InfC,VP,to
verse,שׁלח,verb,qal,infc,,,send
verse,יד,subs,,,,NP,hand
verse,ב,prep,,,,PP,in
verse,בקשׁ,verb,piel,ptca,,,seek
verse,רעה,subs,,,,,evil
verse,הוא,prps,,,NmCl,PPrP,he
verse,חדשׁ,subs,,,,NP,month
verse,אדר,nmpr,,,,,Adar
verse,ו,conj,,,WXQt,CP,and
verse,אישׁ,subs,,,,NP,man
verse,לא,nega,,,,NegP,not
verse,עמד,verb,qal,perf,,VP,stand
verse,ל,prep,,,,PP,to
verse,פנה,subs,,,,,face
verse,כי,conj,,,xQtX,CP,that
verse,נפל,verb,qal,perf,,VP,fall
verse,פחד,subs,,,,NP,trembling
verse,על,prep,,,,PP,upon
verse,כל,subs,,,,,whole
verse,ה,art,,,,,the
verse,עם,subs,,,,,people
verse,ו,conj,,,Ptcp,CP,and
verse,כל,subs,,,,NP,whole
verse,שׂר,subs,,,,,chief
verse,ה,art,,,,,the
verse,מדינה,subs,,,,,district
verse,ו,conj,,,,,and
verse,ה,art,,,,,the
verse,אחשׁדרפן,subs,,,,,satrap
verse,ו,conj,,,,,and
verse,ה,art,,,,,the
verse,פחה,subs,,,,,governor
verse,ו,conj,,,,,and
verse,עשׂה,verb,qal,ptca,,,make
verse,ה,art,,,,,the
verse,מלאכה,subs,,,,,work
verse,אשׁר,conj,,,NmCl,CP,<relative>
verse,ל,prep,,,,PP,to
verse,ה,art,,,,,the
verse,מלך,subs,,,,,king
verse,נשׂא,verb,piel,ptca,Ptcp,VP,lift
verse,את,prep,,,,PP,<object marker>
verse,ה,art,,,,,the
verse,יהודי,adjv,,,,,Jewish
verse,כי,conj,,,xQtX,CP,that
verse,נפל,verb,qal,perf,,VP,fall
verse,פחד,subs,,,,NP,trembling
verse,מרדכי,nmpr,,,,,Mordecai
verse,על,prep,,,,PP,upon
verse,כי,conj,,,AjCl,CP,that
verse,גדול,adjv,,,,AdjP,great
verse,מרדכי,nmpr,,,,PrNP,Mordecai
verse,ב,prep,,,,PP,in
verse,בית,subs,,,,,house
verse,ה,art,,,,,the
verse,מלך,subs,,,,,king
verse,ו,conj,,,Ptcp,CP,and
verse,שׁמע,subs,,,,NP,rumour
verse,הלך,verb,qal,ptca,,VP,walk
verse,ב,prep,,,,PP,in
verse,כל,subs,,,,,whole
verse,ה,art,,,,,the
verse,מדינה,subs,,,,,district
verse,כי,conj,,,Ptcp,CP,that
verse,ה,art,,,,NP,the
verse,אישׁ,subs,,,,,man
verse,מרדכי,nmpr,,,,,Mordecai
verse,הלך,verb,qal,ptca,,VP,walk
verse,ו,conj,,,AjCl,CP,and
verse,גדול,adjv,,,,AdjP,great
verse,ו,conj,,,WayX,CP,and
verse,נכה,verb,hif,wayq,,VP,strike
verse,ה,art,,,,NP,the
verse,יהודי,adjv,,,,,Jewish
verse,ב,prep,,,,PP,in
verse,כל,subs,,,,,whole
verse,איב,verb,qal,ptca,,,be hostile
verse,מכה,subs,,,,NP,blow
verse,חרב,subs,,,,,dagger
verse,ו,conj,,,,,and
verse,הרג,subs,,,,,slaughter
verse,ו,conj,,,,,and
verse,אבדן,subs,,,,,destruction
verse,ו,conj,,,Way0,CP,and
verse,עשׂה,verb,qal,wayq,,VP,make
verse,ב,prep,,,,PP,in
verse,שׂנא,verb,qal,ptca,,,hate
verse,כ,prep,,,,PP,as
verse,רצון,subs,,,,,pleasure
verse,ו,conj,,,WxQX,CP,and
verse,ב,prep,,,,PP,in
verse,שׁושׁן,nmpr,,,,,Susa
verse,ה,art,,,,,the
verse,בירה,subs,,,,,citadel
verse,הרג,verb,qal,perf,,VP,kill
verse,ה,art,,,,NP,the
verse,יהודי,adjv,,,,,Jewish
verse,ו,conj,,,InfA,CP,and
verse,אבד,verb,piel,infa,,VP,perish
verse,חמשׁ,subs,,,,NP,five
verse,מאה,subs,,,,,hundred
verse,אישׁ,subs,,,,,man
verse,ו,conj,,,Ellp,CP,and
verse,את,prep,,,,PP,<object marker>
verse,פרשׁנדתא,nmpr,,,,,Parshandatha
verse,ו,conj,,,,,and
verse,את,prep,,,,,<object marker>
verse,דלפון,nmpr,,,,,Dalphon
verse,ו,conj,,,,,and
verse,את,prep,,,,,<object marker>
verse,אספתא,nmpr,,,,,Aspatha
verse,ו,conj,,,Ellp,CP,and
verse,את,prep,,,,PP,<object marker>
verse,פורתא,nmpr,,,,,Poratha
verse,ו,conj,,,,,and
verse,את,prep,,,,,<object marker>
verse,אדליא,nmpr,,,,,Adalia
verse,ו,conj,,,,,and
verse,את,prep,,,,,<object marker>
verse,ארידתא,nmpr,,,,,Aridatha
verse,ו,conj,,,Ellp,CP,and
verse,את,prep,,,,PP,<object marker>
verse,פרמשׁתא,nmpr,,,,,Parmashta
verse,ו,conj,,,,,and
verse,את,prep,,,,,<object marker>
verse,אריסי,nmpr,,,,,Arisai
verse,ו,conj,,,,,and
verse,את,prep,,,,,<object marker>
verse,ארדי,nmpr,,,,,Aridai
verse,ו,conj,,,,,and
verse,את,prep,,,,,<object marker>
verse,ויזתא,nmpr,,,,,Vaizatha
verse,עשׂרה,subs,,,xQt0,NP,ten
verse,בן,subs,,,,,son
verse,המן,nmpr,,,,,Haman
verse,בן,subs,,,,,son
verse,המדתא,nmpr,,,,,Hammedatha
verse,צרר,verb,qal,ptca,,,be hostile
verse,ה,art,,,,,the
verse,יהודי,adjv,,,,,Jewish
verse,הרג,verb,qal,perf,,VP,kill
verse,ו,conj,,,WxQ0,CP,and
verse,ב,prep,,,,PP,in
verse,ה,art,,,,,the
verse,בזה,subs,,,,,spoil
verse,לא,nega,,,,NegP,not
verse,שׁלח,verb,qal,perf,,VP,send
verse,את,prep,,,,PP,<object marker>
verse,יד,subs,,,,,hand
verse,ב,prep,,,xQtX,PP,in
verse,ה,art,,,,,the
verse,יום,subs,,,,,day
verse,ה,art,,,,,the
verse,הוא,prps,,,,,he
verse,בוא,verb,qal,perf,,VP,come
verse,מספר,subs,,,,NP,number
verse,ה,art,,,,,the
verse,הרג,verb,qal,ptcp,,,kill
verse,ב,prep,,,,,in
verse,שׁושׁן,nmpr,,,,,Susa
verse,ה,art,,,,,the
verse,בירה,subs,,,,,citadel
verse,ל,prep,,,,PP,to
verse,פנה,subs,,,,,face
verse,ה,art,,,,,the
verse,מלך,subs,,,,,king
verse,ו,conj,,,WayX,CP,and
verse,אמר,verb,qal,wayq,,VP,say
verse,ה,art,,,,NP,the
verse,מלך,subs,,,,,king
verse,ל,prep,,,,PP,to
verse,אסתר,nmpr,,,,,Esther
verse,ה,art,,,,,the
verse,מלכה,subs,,,,,queen
verse,ו,conj,,,WayX,CP,and
verse,אמר,verb,qal,wayq,,VP,say
verse,אסתר,nmpr,,,,PrNP,Esther
verse,ו,conj,,,WayX,CP,and
verse,אמר,verb,qal,wayq,,VP,say
verse,ה,art,,,,NP,the
verse,מלך,subs,,,,,king
verse,ל,prep,,,InfC,VP,to
verse,עשׂה,verb,nif,infc,,,make
verse,כן,advb,,,,AdvP,thus
verse,ו,conj,,,WayX,CP,and
verse,נתן,verb,nif,wayq,,VP,give
verse,דת,subs,,,,NP,orders
verse,ב,prep,,,,PP,in
verse,שׁושׁן,nmpr,,,,,Susa
verse,ו,conj,,,WxQ0,CP,and
verse,את,prep,,,,PP,<object marker>
verse,עשׂרה,subs,,,,,ten
verse,בן,subs,,,,,son
verse,המן,nmpr,,,,,Haman
verse,תלה,verb,qal,perf,,VP,hang
verse,ו,conj,,,WayX,CP,and
verse,קהל,verb,nif,wayq,,VP,assemble
verse,ה,art,,,,NP,the
verse,יהודי,adjv,,,,,Jewish
verse,אשׁר,conj,,,NmCl,CP,<relative>
verse,ב,prep,,,,PP,in
verse,שׁושׁן,nmpr,,,,,Susa
verse,גם,advb,,,WayX,PP,even
verse,ב,prep,,,,,in
verse,יום,subs,,,,,day
verse,ארבע,subs,,,,,four
verse,עשׂר,subs,,,,,-teen
verse,ל,prep,,,,,to
verse,חדשׁ,subs,,,,,month
verse,אדר,nmpr,,,,,Adar
verse,ו,conj,,,Way0,CP,and
verse,הרג,verb,qal,wayq,,VP,kill
verse,ב,prep,,,,PP,in
verse,שׁושׁן,nmpr,,,,,Susa
verse,שׁלשׁ,subs,,,,NP,three
verse,מאה,subs,,,,,hundred
verse,אישׁ,subs,,,,,man
verse,ו,conj,,,WxQ0,CP,and
verse,ב,prep,,,,PP,in
verse,ה,art,,,,,the
verse,בזה,subs,,,,,spoil
verse,לא,nega,,,,NegP,not
verse,שׁלח,verb,qal,perf,,VP,send
verse,את,prep,,,,PP,<object marker>
verse,יד,subs,,,,,hand
verse,ו,conj,,,WXQt,CP,and
verse,שׁאר,subs,,,,NP,rest
verse,ה,art,,,,,the
verse,יהודי,adjv,,,,,Jewish
verse,אשׁר,conj,,,NmCl,CP,<relative>
verse,ב,prep,,,,PP,in
verse,מדינה,subs,,,,,district
verse,ה,art,,,,,the
verse,מלך,subs,,,,,king
verse,קהל,verb,nif,perf,WXQt,VP,assemble
verse,ב,prep,,,Ellp,PP,in
verse,יום,subs,,,,,day
verse,שׁלשׁ,subs,,,,,three
verse,עשׂר,subs,,,,,-teen
verse,ל,prep,,,,,to
verse,חדשׁ,subs,,,,,month
verse,אדר,nmpr,,,,,Adar
verse,ו,conj,,,InfA,CP,and
verse,עמד,verb,qal,infa,,VP,stand
verse,על,prep,,,,PP,upon
verse,נפשׁ,subs,,,,,soul
verse,ו,conj,,,InfA,CP,and
verse,נוח,verb,qal,infa,,VP,settle
verse,מן,prep,,,,PP,from
verse,איב,verb,qal,ptca,,,be hostile
verse,ו,conj,,,InfA,CP,and
verse,הרג,verb,qal,infa,,VP,kill
verse,ב,prep,,,,PP,in
verse,שׂנא,verb,qal,ptca,,,hate
verse,חמשׁ,subs,,,,NP,five
verse,ו,conj,,,,,and
verse,שׁבע,subs,,,,,seven
verse,אלף,subs,,,,,thousand
verse,ו,conj,,,WxQ0,CP,and
verse,ב,prep,,,,PP,in
verse,ה,art,,,,,the
verse,בזה,subs,,,,,spoil
verse,לא,nega,,,,NegP,not
verse,שׁלח,verb,qal,perf,,VP,send
verse,את,prep,,,,PP,<object marker>
verse,יד,subs,,,,,hand
verse,ו,conj,,,InfA,CP,and
verse,נוח,verb,qal,infa,,VP,settle
verse,ב,prep,,,,PP,in
verse,ארבע,subs,,,,,four
verse,עשׂר,subs,,,,,-teen
verse,ב,prep,,,,,in
verse,ו,conj,,,InfA,CP,and
verse,עשׂה,verb,qal,infa,,VP,make
verse,את,prep,,,,PP,<object marker>
verse,יום,subs,,,,NP,day
verse,משׁתה,subs,,,,,drinking
verse,ו,conj,,,,,and
verse,שׂמחה,subs,,,,,joy
verse,ו,conj,,,WXQt,CP,and
verse,ה,art,,,,NP,the
verse,יהודי,adjv,,,,,Jewish
verse,אשׁר,conj,,,NmCl,CP,<relative>
verse,ב,prep,,,,PP,in
verse,שׁושׁן,nmpr,,,,,Susa
verse,קהל,verb,nif,perf,WXQt,VP,assemble
verse,ב,prep,,,,PP,in
verse,שׁלשׁ,subs,,,,,three
verse,עשׂר,subs,,,,,-teen
verse,ב,prep,,,,,in
verse,ו,conj,,,,,and
verse,ב,prep,,,,,in
verse,ארבע,subs,,,,,four
verse,עשׂר,subs,,,,,-teen
verse,ב,prep,,,,,in
verse,ו,conj,,,InfA,CP,and
verse,נוח,verb,qal,infa,,VP,settle
verse,ב,prep,,,,PP,in
verse,חמשׁ,subs,,,,,five
verse,עשׂר,subs,,,,,-teen
verse,ב,prep,,,,,in
verse,ו,conj,,,InfA,CP,and
verse,עשׂה,verb,qal,infa,,VP,make
verse,את,prep,,,,PP,<object marker>
verse,יום,subs,,,,NP,day
verse,משׁתה,subs,,,,,drinking
verse,ו,conj,,,,,and
verse,שׂמחה,subs,,,,,joy
verse,על,prep,,,Ptcp,PP,upon
verse,כן,advb,,,,,thus
verse,ה,art,,,,NP,the
verse,יהודי,adjv,,,,,Jewish
verse,ה,art,,,,,the
verse,פרזי,subs,,,,,open country
verse,ה,art,,,Ptcp,CP,the
verse,ישׁב,verb,qal,ptca,,VP,sit
verse,ב,prep,,,,PP,in
verse,עיר,subs,,,,,town
verse,ה,art,,,,,the
verse,פרזה,subs,,,,,village
verse,עשׂה,verb,qal,ptca,Ptcp,VP,make
verse,את,prep,,,,PP,<object marker>
verse,יום,subs,,,,,day
verse,ארבע,subs,,,,,four
verse,עשׂר,subs,,,,,-teen
verse,ל,prep,,,,,to
verse,חדשׁ,subs,,,,,month
verse,אדר,nmpr,,,,,Adar
verse,שׂמחה,subs,,,,NP,joy
verse,ו,conj,,,,,and
verse,משׁתה,subs,,,,,drinking
verse,ו,conj,,,Ellp,CP,and
verse,יום,subs,,,,NP,day
verse,טוב,adjv,,,,,good
verse,ו,conj,,,,,and
verse,משׁלוח,subs,,,,,sending
verse,מנה,subs,,,,,portion
verse,אישׁ,subs,,,,,man
verse,ל,prep,,,,,to
verse,רע,subs,,,,,fellow
verse,ו,conj,,,WayX,CP,and
verse,כתב,verb,qal,wayq,,VP,write
verse,מרדכי,nmpr,,,,PrNP,Mordecai
verse,את,prep,,,,PP,<object marker>
verse,ה,art,,,,,the
verse,דבר,subs,,,,,word
verse,ה,art,,,,,the
verse,אלה,prde,,,,,these
verse,ו,conj,,,WQtX,CP,and
verse,קבל,verb,piel,perf,,VP,take
verse,ה,art,,,,NP,the
verse,יהודי,adjv,,,,,Jewish
verse,את,prep,,,xQt0,CP,<object marker>
verse,אשׁר,conj,,,,,<relative>
verse,חלל,verb,hif,perf,,VP,defile
verse,ל,prep,,,InfC,VP,to
verse,עשׂה,verb,qal,infc,,,make
verse,ו,conj,,,WxQX,CP,and
verse,את,prep,,,,CP,<object marker>
verse,אשׁר,conj,,,,,<relative>
verse,כתב,verb,qal,perf,,VP,write
verse,מרדכי,nmpr,,,,PrNP,Mordecai
verse,אל,prep,,,,PP,to
verse,על,prep,,,NmCl,PP,upon
verse,כן,advb,,,,,thus
verse,על,prep,,,,PP,upon
verse,כל,subs,,,,,whole
verse,דבר,subs,,,,,word
verse,ה,art,,,,,the
verse,אגרת,subs,,,,,letter
verse,ה,art,,,,,the
verse,זאת,prde,,,,,this
verse,ו,conj,,,WxQ0,CP,and
verse,מה,prin,,,,IPrP,what
verse,ראה,verb,qal,perf,,VP,see
verse,על,prep,,,,PP,upon
verse,ככה,advb,,,,,thus
verse,ו,conj,,,WxQ0,CP,and
verse,מה,prin,,,,IPrP,what
verse,נגע,verb,hif,perf,,VP,touch
verse,אל,prep,,,,PP,to
verse,קום,verb,piel,perf,xQt0,VP,arise
verse,ו,conj,,,WQtX,CP,and
verse,קבל,verb,piel,perf,,VP,take
verse,ה,art,,,,NP,the
verse,יהודי,adjv,,,,,Jewish
verse,על,prep,,,,PP,upon
verse,ו,conj,,,,,and
verse,על,prep,,,,,upon
verse,זרע,subs,,,,,seed
verse,ו,conj,,,,,and
verse,על,prep,,,,,upon
verse,כל,subs,,,,,whole
verse,ה,art,,,Ptcp,CP,the
verse,לוה,verb,nif,ptca,,VP,accompany
verse,על,prep,,,,PP,upon
verse,ל,prep,,,InfC,VP,to
verse,היה,verb,qal,infc,,,be
verse,עשׂה,verb,qal,ptca,,VP,make
verse,את,prep,,,,PP,<object marker>
verse,שׁנים,subs,,,,,two
verse,ה,art,,,,,the
verse,יום,subs,,,,,day
verse,ה,art,,,,,the
verse,אלה,prde,,,,,these
verse,כ,prep,,,,PP,as
verse,כתב,subs,,,,,writing
verse,ו,conj,,,,,and
verse,כ,prep,,,,,as
verse,זמן,subs,,,,,season
verse,ב,prep,,,,PP,in
verse,כל,subs,,,,,whole
verse,שׁנה,subs,,,,,year
verse,ו,conj,,,,,and
verse,שׁנה,subs,,,,,year
verse,ו,conj,,,Ptcp,CP,and
verse,ה,art,,,,NP,the
verse,יום,subs,,,,,day
verse,ה,art,,,,,the
verse,אלה,prde,,,,,these
verse,זכר,verb,nif,ptca,,VP,remember
verse,ו,conj,,,Ptcp,CP,and
verse,עשׂה,verb,nif,ptca,,VP,make
verse,ב,prep,,,,PP,in
verse,כל,subs,,,,,whole
verse,דור,subs,,,,,generation
verse,ו,conj,,,,,and
verse,דור,subs,,,,,generation
verse,משׁפחה,subs,,,,,clan
verse,ו,conj,,,,,and
verse,משׁפחה,subs,,,,,clan
verse,מדינה,subs,,,,,district
verse,ו,conj,,,,,and
verse,מדינה,subs,,,,,district
verse,ו,conj,,,,,and
verse,עיר,subs,,,,,town
verse,ו,conj,,,,,and
verse,עיר,subs,,,,,town
verse,ו,conj,,,WxY0,CP,and
verse,לא,nega,,,,NegP,not
verse,עבר,verb,qal,impf,,VP,pass
verse,ו,conj,,,WXYq,CP,and
